Symbol,Date,RS,RM,Sector,symbol,name,price,volume,%chg
HDFC,2022-03-02,99.94433734564699,105.14813659461812,BANKING,HDFCBANK.NS,HDFC Bank Limited,1658.45,15906373,-0.47
ICICI,2022-03-02,99.56582916849868,110.35951282663365,BANKING,ICICIBANK.NS,ICICI Bank Limited,868.45,30904769,-0.75
KOTAK,2022-03-02,101.89423112476153,105.25714376263298,BANKING,KOTAKBANK.NS,Kotak Mahindra Bank Limited,1759.30,1253117,0.13
AXIS,2022-03-02,100.87683112451977,108.2877172178928,BANKING,AXISBANK.NS,Axis Bank Limited,847.35,15654544,-0.54
SBI,2022-03-02,99.6475192675274,106.63647453330236,BANKING,SBIN.NS,State Bank of India,526.30,17332052,-0.26
HDFC,2022-03-03,100.03170037672828,104.38633810672295,BANKING
ICICI,2022-03-03,99.33957394956789,108.56982275258207,BANKING
KOTAK,2022-03-03,101.86800378392545,105.83654788092363,BANKING
AXIS,2022-03-03,100.75270719022713,108.68212868481449,BANKING
SBI,2022-03-03,99.52039332145605,105.70683063029612,BANKING
HDFC,2022-03-04,100.2894586163499,106.22530911798994,BANKING
ICICI,2022-03-04,99.34817996488094,111.37307324920907,BANKING
KOTAK,2022-03-04,101.70084341180583,105.09544563584643,BANKING
AXIS,2022-03-04,100.5674811520124,110.79926915861653,BANKING
SBI,2022-03-04,99.57894729474008,107.90019979824024,BANKING
HDFC,2022-03-07,100.13666175214598,106.2200038589268,BANKING
ICICI,2022-03-07,98.99017911387448,107.87914275688026,BANKING
KOTAK,2022-03-07,101.71400393247123,105.42630133746434,BANKING
AXIS,2022-03-07,100.05566159291969,107.86297651487438,BANKING
SBI,2022-03-07,99.20068050474053,106.72931884696096,BANKING
HDFC,2022-03-08,99.9852773740627,104.43933570090795,BANKING
ICICI,2022-03-08,99.08917195270008,110.29981397492334,BANKING
KOTAK,2022-03-08,101.64669738747223,106.21706108578944,BANKING
AXIS,2022-03-08,99.99813979188679,108.551528424624,BANKING
SBI,2022-03-08,99.0556941617688,105.61059952907797,BANKING
HDFC,2022-03-09,100.23105382820684,105.49804498990875,BANKING
ICICI,2022-03-09,98.87177954991773,108.7859044487275,BANKING
KOTAK,2022-03-09,101.38775315679887,105.7531984580145,BANKING
AXIS,2022-03-09,99.83442398751865,106.41068757491813,BANKING
SBI,2022-03-09,99.13312810300476,104.30223396247196,BANKING
HDFC,2022-03-10,100.24047503971194,105.46392757230944,BANKING
ICICI,2022-03-10,98.85212540025475,108.65695702095061,BANKING
KOTAK,2022-03-10,101.24153606314619,104.88894115601053,BANKING
AXIS,2022-03-10,100.00145764965629,108.06758896591083,BANKING
SBI,2022-03-10,99.47197401643243,105.8915955178009,BANKING
HDFC,2022-03-11,100.25751655407524,103.82768359877382,BANKING
ICICI,2022-03-11,98.84931002973181,107.4372249137791,BANKING
KOTAK,2022-03-11,101.30469295851202,105.1381219949255,BANKING
AXIS,2022-03-11,99.91237556092256,106.5571440736674,BANKING
SBI,2022-03-11,99.49359106192381,104.68346617682998,BANKING
HDFC,2022-03-14,100.64140920794699,105.59049900121207,BANKING
ICICI,2022-03-14,99.0060178161859,107.22881200396102,BANKING
KOTAK,2022-03-14,101.3074573647099,106.90673381269211,BANKING
AXIS,2022-03-14,100.05684363949466,107.81331237157153,BANKING
SBI,2022-03-14,99.75709689018402,104.88612338351226,BANKING
HDFC,2022-03-15,100.63014456426488,105.70992715603239,BANKING
ICICI,2022-03-15,99.1903262006595,108.97694071722168,BANKING
KOTAK,2022-03-15,100.88334449875975,105.45102989313791,BANKING
AXIS,2022-03-15,100.0069963914307,106.21970437651719,BANKING
SBI,2022-03-15,99.98053612644877,106.36085307119248,BANKING
HDFC,2022-03-16,100.59212587414193,105.19263828891928,BANKING
ICICI,2022-03-16,99.1455930243622,108.76009764308391,BANKING
KOTAK,2022-03-16,100.81062747520423,103.75486679570896,BANKING
AXIS,2022-03-16,100.20395849977636,107.28231570512249,BANKING
SBI,2022-03-16,99.90816960408225,105.98347417318197,BANKING
HDFC,2022-03-17,100.67006793738823,104.15878162783204,BANKING
ICICI,2022-03-17,99.12926322266776,108.95604279218828,BANKING
KOTAK,2022-03-17,101.14812120102907,106.45248753735592,BANKING
AXIS,2022-03-17,100.23629410293402,108.10140073775551,BANKING
SBI,2022-03-17,99.9114576097869,107.03674261231703,BANKING
HDFC,2022-03-21,100.98078481218502,106.1624819202869,BANKING
ICICI,2022-03-21,99.08729181484999,108.74153154029408,BANKING
KOTAK,2022-03-21,100.83379800805146,104.62567550602196,BANKING
AXIS,2022-03-21,100.14177206823717,107.77703764443932,BANKING
SBI,2022-03-21,99.70401798116869,106.41340835394963,BANKING
HDFC,2022-03-22,100.84102465954697,106.1223178509777,BANKING
ICICI,2022-03-22,99.07340111131289,108.21927860847943,BANKING
KOTAK,2022-03-22,100.9603295411225,106.74347639351377,BANKING
AXIS,2022-03-22,100.09749400887581,107.65978832072176,BANKING
SBI,2022-03-22,99.62135352023238,106.17080894697438,BANKING
HDFC,2022-03-23,100.71045495741359,107.8270579294325,BANKING
ICICI,2022-03-23,99.12789182156153,110.46744177432171,BANKING
KOTAK,2022-03-23,100.5767889129896,107.92663420079487,BANKING
AXIS,2022-03-23,100.07136963025737,107.84277153342217,BANKING
SBI,2022-03-23,99.58719587563307,106.46901845969344,BANKING
HDFC,2022-03-24,100.20008248365511,105.93221016950126,BANKING
ICICI,2022-03-24,98.88856463878113,108.92908714970811,BANKING
KOTAK,2022-03-24,99.91296384972767,104.36333489543958,BANKING
AXIS,2022-03-24,100.01696164294076,107.29863863548047,BANKING
SBI,2022-03-24,99.49353539843239,105.0958504493934,BANKING
HDFC,2022-03-25,100.11267907600777,105.79520840005728,BANKING
ICICI,2022-03-25,98.85021360779291,107.48176400494415,BANKING
KOTAK,2022-03-25,100.10124541316982,105.35671420187333,BANKING
AXIS,2022-03-25,100.04671104407913,106.3141405047418,BANKING
SBI,2022-03-25,99.67434405797447,105.2213225096791,BANKING
HDFC,2022-03-28,100.055857367063,104.85732340048968,BANKING
ICICI,2022-03-28,99.00108865630659,108.5400409874482,BANKING
KOTAK,2022-03-28,100.05165188129041,105.43695815369283,BANKING
AXIS,2022-03-28,100.22908730401095,107.74919614285695,BANKING
SBI,2022-03-28,99.83030142114505,106.8808573653819,BANKING
HDFC,2022-03-29,100.20828371629115,104.84878499250104,BANKING
ICICI,2022-03-29,99.01356111127903,107.47826414179409,BANKING
KOTAK,2022-03-29,99.9828979077023,104.33908101971802,BANKING
AXIS,2022-03-29,100.18908174625524,106.97454305571063,BANKING
SBI,2022-03-29,99.6541369533656,106.89878066155968,BANKING
HDFC,2022-03-30,100.36285388181558,105.78560054977922,BANKING
ICICI,2022-03-30,99.1651446563412,108.5258838811125,BANKING
KOTAK,2022-03-30,100.1771350615469,105.45107362351706,BANKING
AXIS,2022-03-30,100.26914408472369,106.3049453032597,BANKING
SBI,2022-03-30,99.47471211087255,105.96853198155131,BANKING
HDFC,2022-03-31,100.3080355543542,104.36487888328931,BANKING
ICICI,2022-03-31,99.17949285224466,108.9946482875634,BANKING
KOTAK,2022-03-31,100.10491661030052,105.04082453704785,BANKING
AXIS,2022-03-31,100.45335663905072,107.06286873298976,BANKING
SBI,2022-03-31,99.48096865244372,104.60946613302717,BANKING
HDFC,2022-04-01,100.57132525253122,98.24550734539355,BANKING
ICICI,2022-04-01,99.13244669341819,109.3795920731969,BANKING
KOTAK,2022-04-01,100.13095713388759,104.11468467182736,BANKING
AXIS,2022-04-01,100.51989120303465,108.17526736171337,BANKING
SBI,2022-04-01,99.75929321431116,107.05139553416531,BANKING
HDFC,2022-04-04,102.23238713996547,108.0203214998923,BANKING
ICICI,2022-04-04,99.03508552136856,108.74617301348052,BANKING
KOTAK,2022-04-04,100.37947559424026,106.35217422020294,BANKING
AXIS,2022-04-04,100.41364399213272,107.18974361650321,BANKING
SBI,2022-04-04,99.54924862418176,106.04259677586322,BANKING
HDFC,2022-04-05,101.67075802828006,108.32572315149696,BANKING
ICICI,2022-04-05,99.02059507825143,107.83051899439279,BANKING
KOTAK,2022-04-05,100.09148757799623,105.54115819257595,BANKING
AXIS,2022-04-05,100.46043137647503,107.76606392010794,BANKING
SBI,2022-04-05,99.5407155141493,104.62704365068619,BANKING
HDFC,2022-04-06,101.04385830052426,106.78773443152132,BANKING
ICICI,2022-04-06,99.12599186385727,106.74646230163438,BANKING
KOTAK,2022-04-06,99.99779477888886,104.95389502078996,BANKING
AXIS,2022-04-06,100.4177155211901,105.01272910018912,BANKING
SBI,2022-04-06,99.81567682215562,105.07980171873643,BANKING
HDFC,2022-04-07,100.76387583761226,106.46730865376608,BANKING
ICICI,2022-04-07,99.37396198508449,108.6884045365799,BANKING
KOTAK,2022-04-07,100.04461940814713,104.97056213296163,BANKING
AXIS,2022-04-07,100.80398095837337,107.84518203092779,BANKING
SBI,2022-04-07,100.00029706841235,106.48023229993807,BANKING
HDFC,2022-04-08,100.55623723917628,106.12969145612419,BANKING
ICICI,2022-04-08,99.36700388238548,107.29447097905914,BANKING
KOTAK,2022-04-08,100.08747311642031,104.64652869652213,BANKING
AXIS,2022-04-08,100.74879935645215,107.8724488612784,BANKING
SBI,2022-04-08,99.90400220646593,105.68987804535325,BANKING
HDFC,2022-04-11,100.4243890898697,104.92015186563981,BANKING
ICICI,2022-04-11,99.54333411994857,107.21449139605294,BANKING
KOTAK,2022-04-11,100.20806248811878,103.47068000114878,BANKING
AXIS,2022-04-11,100.68940520061545,105.66692154761517,BANKING
SBI,2022-04-11,99.96618439652377,105.65764922123961,BANKING
HDFC,2022-04-12,100.56328252169128,107.09476416047545,BANKING
ICICI,2022-04-12,99.7305329632245,108.52900465049534,BANKING
KOTAK,2022-04-12,100.61217387707995,106.0001959544503,BANKING
AXIS,2022-04-12,100.9741856612328,107.773886054835,BANKING
SBI,2022-04-12,100.03487853178058,104.97883006581856,BANKING
HDFC,2022-04-13,100.2162875076104,108.48452607625704,BANKING
ICICI,2022-04-13,99.7445516984264,107.428732965911,BANKING
KOTAK,2022-04-13,100.40782743839449,105.06868516456089,BANKING
AXIS,2022-04-13,100.93003116302486,105.56750783978528,BANKING
SBI,2022-04-13,100.24025119042213,105.87963817148064,BANKING
HDFC,2022-04-18,99.5633566838863,107.96780359091625,BANKING
ICICI,2022-04-18,99.90380123138009,106.12392312873978,BANKING
KOTAK,2022-04-18,100.42725107882775,106.25830816315715,BANKING
AXIS,2022-04-18,101.23109686347952,106.59830946769648,BANKING
SBI,2022-04-18,100.2644413968034,104.58826771362911,BANKING
HDFC,2022-04-19,99.0279105068834,105.67322270028765,BANKING
ICICI,2022-04-19,100.23635643589422,111.24050041137752,BANKING
KOTAK,2022-04-19,100.1615545409054,105.3646345145505,BANKING
AXIS,2022-04-19,101.37101012262015,108.62482871594861,BANKING
SBI,2022-04-19,100.54924688642159,107.26973449212623,BANKING
HDFC,2022-04-20,98.99858757917936,105.5525164283429,BANKING
ICICI,2022-04-20,99.89258634643426,109.24917503115991,BANKING
KOTAK,2022-04-20,100.11003510516487,104.43788313199263,BANKING
AXIS,2022-04-20,101.19359641772486,107.9563309333665,BANKING
SBI,2022-04-20,100.29369150474719,106.0968538164935,BANKING
HDFC,2022-04-21,98.99588096414023,105.62835870439358,BANKING
ICICI,2022-04-21,99.81165764948022,109.3323697977425,BANKING
KOTAK,2022-04-21,100.28076911641934,105.71109052768344,BANKING
AXIS,2022-04-21,101.120832488443,108.58159194143963,BANKING
SBI,2022-04-21,100.274178579159,107.47808496423457,BANKING
HDFC,2022-04-22,98.9764550793847,103.69016387769696,BANKING
ICICI,2022-04-22,99.71984397974923,106.66924567522226,BANKING
KOTAK,2022-04-22,100.14622267702416,103.93558276317044,BANKING
AXIS,2022-04-22,100.95059367395066,106.48982360860107,BANKING
SBI,2022-04-22,99.97763078121679,105.91722488002483,BANKING
HDFC,2022-04-25,99.38600137105445,106.4475475138327,BANKING
ICICI,2022-04-25,99.97952356518421,109.93526532064286,BANKING
KOTAK,2022-04-25,100.43792236447933,105.73850143825675,BANKING
AXIS,2022-04-25,101.10710256445928,109.17779627409598,BANKING
SBI,2022-04-25,99.99421416777616,105.4286569274405,BANKING
HDFC,2022-04-26,99.1855587306637,104.63496711010147,BANKING
ICICI,2022-04-26,99.80813762255104,110.02435115629076,BANKING
KOTAK,2022-04-26,100.29659657849817,104.35001495152002,BANKING
AXIS,2022-04-26,100.84407965142594,107.66888715811487,BANKING
SBI,2022-04-26,100.1089582913326,106.56595590170036,BANKING
HDFC,2022-04-27,99.38595658570182,106.72985075202867,BANKING
ICICI,2022-04-27,99.62534123180228,108.42617121825782,BANKING
KOTAK,2022-04-27,100.48880939584447,104.99276545622116,BANKING
AXIS,2022-04-27,100.81634243757006,107.03660827275938,BANKING
SBI,2022-04-27,99.99537505775693,105.32219684653364,BANKING
HDFC,2022-04-28,99.12331226625335,103.89412394763829,BANKING
ICICI,2022-04-28,99.6528844455223,108.31190392333949,BANKING
KOTAK,2022-04-28,100.52651112556708,103.0879992163363,BANKING
AXIS,2022-04-28,100.88721657426255,111.96877623500866,BANKING
SBI,2022-04-28,100.13153518550223,107.13722404547866,BANKING
HDFC,2022-04-29,99.48808278878757,104.08176239109785,BANKING
ICICI,2022-04-29,99.6954884224013,108.75343179941025,BANKING
KOTAK,2022-04-29,101.02477164469676,105.82182428617526,BANKING
AXIS,2022-04-29,100.19351179922599,107.47340134224942,BANKING
SBI,2022-04-29,99.90353752792002,106.70501344485743,BANKING
HDFC,2022-05-02,99.81232699063018,106.60400328644687,BANKING
ICICI,2022-05-02,99.67994565933988,108.6003177742372,BANKING
KOTAK,2022-05-02,100.8625420451822,102.92358211304702,BANKING
AXIS,2022-05-02,100.19623068340383,107.84687782441316,BANKING
SBI,2022-05-02,99.7623822918209,106.01460162084015,BANKING
HDFC,2022-05-04,99.57639400890787,105.77772784299086,BANKING
ICICI,2022-05-04,99.68456506362517,108.01782177096706,BANKING
KOTAK,2022-05-04,101.40255315302163,104.01405539915166,BANKING
AXIS,2022-05-04,100.14111934178918,108.01106125505025,BANKING
SBI,2022-05-04,99.75943436014089,105.9657540863506,BANKING
HDFC,2022-05-05,99.52374946735763,106.47275544132631,BANKING
ICICI,2022-05-05,99.76595711193133,108.3011957388455,BANKING
KOTAK,2022-05-05,101.67876739768181,104.77639775757558,BANKING
AXIS,2022-05-05,100.06065071238625,109.3256663648692,BANKING
SBI,2022-05-05,99.76626494755271,104.01585593147917,BANKING
HDFC,2022-05-06,99.31746390423133,104.76511561444279,BANKING
ICICI,2022-05-06,99.81002192033512,109.23473261886949,BANKING
KOTAK,2022-05-06,101.76961583705203,104.93140286875143,BANKING
AXIS,2022-05-06,99.77759647146387,108.04065816425728,BANKING
SBI,2022-05-06,100.16503049214239,106.82060678883181,BANKING
HDFC,2022-05-09,99.4892294739651,103.69992888769355,BANKING
ICICI,2022-05-09,99.7310613145175,108.101925121801,BANKING
KOTAK,2022-05-09,101.82275187306642,103.1860294200312,BANKING
AXIS,2022-05-09,99.69286137508692,107.64283201305113,BANKING
SBI,2022-05-09,100.00034379401764,105.8113726482906,BANKING
HDFC,2022-05-10,99.89871573725863,104.58466549289221,BANKING
ICICI,2022-05-10,99.80139410672153,107.73984326923305,BANKING
KOTAK,2022-05-10,102.30332505679745,104.02004425632042,BANKING
AXIS,2022-05-10,99.66945505115008,105.83929796037674,BANKING
SBI,2022-05-10,100.03818264104002,105.40302012150232,BANKING
HDFC,2022-05-11,100.11179358087495,105.57225007615648,BANKING
ICICI,2022-05-11,99.91960353520565,109.01672281169166,BANKING
KOTAK,2022-05-11,102.58051917880398,105.6397546747892,BANKING
AXIS,2022-05-11,99.9246425582361,108.33491035105547,BANKING
SBI,2022-05-11,100.15813548683015,106.58125891001595,BANKING
HDFC,2022-05-12,100.10465668332768,106.23949360563896,BANKING
ICICI,2022-05-12,99.86929540328481,111.25140606256333,BANKING
KOTAK,2022-05-12,102.46035021197625,103.95809479820662,BANKING
AXIS,2022-05-12,99.79441716569042,108.8695356997064,BANKING
SBI,2022-05-12,100.04142800482404,109.04752571653671,BANKING
HDFC,2022-05-13,99.94898842103201,104.89849863842247,BANKING
ICICI,2022-05-13,99.52535528007756,108.17376558364415,BANKING
KOTAK,2022-05-13,102.75324009427389,103.69271735293842,BANKING
AXIS,2022-05-13,99.58214997404194,107.42833774679131,BANKING
SBI,2022-05-13,99.43335879175052,104.4805617145213,BANKING
HDFC,2022-05-16,100.09205838409905,107.35024216414898,BANKING
ICICI,2022-05-16,99.58608534150032,107.31521005646358,BANKING
KOTAK,2022-05-16,103.11262025393613,106.23724328017245,BANKING
AXIS,2022-05-16,99.59179178322731,107.57760703901224,BANKING
SBI,2022-05-16,99.73742006622199,105.94454903805814,BANKING
HDFC,2022-05-17,99.69015757470547,105.43806258768831,BANKING
ICICI,2022-05-17,99.76006639381181,108.90216995660643,BANKING
KOTAK,2022-05-17,102.84498842786624,104.68524808819662,BANKING
AXIS,2022-05-17,99.57844945563956,106.93324353705559,BANKING
SBI,2022-05-17,99.74849369028608,107.50319000795497,BANKING
HDFC,2022-05-18,99.7128509946143,104.95521891241289,BANKING
ICICI,2022-05-18,99.72492203860173,108.37685242502795,BANKING
KOTAK,2022-05-18,102.9593511938152,105.94493195352659,BANKING
AXIS,2022-05-18,99.66439325023096,106.59486287470061,BANKING
SBI,2022-05-18,99.44850561536082,105.70861673381702,BANKING
HDFC,2022-05-19,99.84295115652758,105.77346154338561,BANKING
ICICI,2022-05-19,99.75899399617772,108.73685067077263,BANKING
KOTAK,2022-05-19,102.76379691211852,105.45976090122177,BANKING
AXIS,2022-05-19,99.80267373959849,107.05667408275339,BANKING
SBI,2022-05-19,99.50666045565261,105.66231288789572,BANKING
HDFC,2022-05-20,99.791113456825,106.45189381079379,BANKING
ICICI,2022-05-20,99.74562582250805,108.08630421249985,BANKING
KOTAK,2022-05-20,102.68758102705227,103.48878885083347,BANKING
AXIS,2022-05-20,99.86973453613969,107.02767789042838,BANKING
SBI,2022-05-20,99.57410636300148,106.0063043552472,BANKING
HDFC,2022-05-23,99.5888916356327,103.95588089511932,BANKING
ICICI,2022-05-23,99.8180301390085,108.48399120512771,BANKING
KOTAK,2022-05-23,103.09720701599396,103.07933652470639,BANKING
AXIS,2022-05-23,99.94132418808054,108.29728296630879,BANKING
SBI,2022-05-23,99.57282174336511,105.36234069796154,BANKING
HDFC,2022-05-24,99.9415775071854,104.25025090169801,BANKING
ICICI,2022-05-24,99.83799874691032,107.21943051941437,BANKING
KOTAK,2022-05-24,103.6103671675378,103.18343111554023,BANKING
AXIS,2022-05-24,99.81687680992636,106.9510940998911,BANKING
SBI,2022-05-24,99.70036452562317,105.65578996922702,BANKING
HDFC,2022-05-25,100.22956272973433,103.70359473620071,BANKING
ICICI,2022-05-25,100.02509786970083,107.35727036381122,BANKING
KOTAK,2022-05-25,104.10002753239681,106.00866988639245,BANKING
AXIS,2022-05-25,99.90026668987694,106.19242132266585,BANKING
SBI,2022-05-25,99.76924846446498,104.13690706093898,BANKING
HDFC,2022-05-26,100.64127098996472,104.8449835386377,BANKING
ICICI,2022-05-26,100.19426911886802,108.18846384500026,BANKING
KOTAK,2022-05-26,103.8864953115375,104.30431240681922,BANKING
AXIS,2022-05-26,100.10124971184169,107.76891958929106,BANKING
SBI,2022-05-26,100.14360399371452,106.90220841026081,BANKING
HDFC,2022-05-27,100.79736381703938,106.69627725872361,BANKING
ICICI,2022-05-27,100.25345956856005,109.38599267582936,BANKING
KOTAK,2022-05-27,104.09699176213383,109.3181951069921,BANKING
AXIS,2022-05-27,100.05824496566842,108.27903805259933,BANKING
SBI,2022-05-27,99.96261156887586,106.54336272877973,BANKING
HDFC,2022-05-30,100.53848799470806,105.96478834777596,BANKING
ICICI,2022-05-30,100.15415140865164,107.52213199088871,BANKING
KOTAK,2022-05-30,103.06905872657589,107.66209098993313,BANKING
AXIS,2022-05-30,99.93646773784354,108.0345217881873,BANKING
SBI,2022-05-30,99.85371610445571,106.73423205462225,BANKING
HDFC,2022-05-31,100.44350728502012,104.77230277940772,BANKING
ICICI,2022-05-31,100.30165970941232,108.26242764568484,BANKING
KOTAK,2022-05-31,102.4531990037132,103.82140963845663,BANKING
AXIS,2022-05-31,99.85254432948777,107.13750013923317,BANKING
SBI,2022-05-31,99.7067937746926,105.66764902024828,BANKING
HDFC,2022-06-01,100.61560683026434,106.8278115202966,BANKING
ICICI,2022-06-01,100.3511027269395,109.73144336568788,BANKING
KOTAK,2022-06-01,102.7797745029632,106.16706805959168,BANKING
AXIS,2022-06-01,99.90714445999528,107.37437186396875,BANKING
SBI,2022-06-01,99.7733063004798,106.24331068543269,BANKING
HDFC,2022-06-02,100.32787999917277,105.62060253278463,BANKING
ICICI,2022-06-02,100.2060143541857,109.13268816521962,BANKING
KOTAK,2022-06-02,102.53017562977118,104.83932135072898,BANKING
AXIS,2022-06-02,99.92515654694296,108.77969404147146,BANKING
SBI,2022-06-02,99.72459356829823,106.70176389099242,BANKING
HDFC,2022-06-03,100.30992531982314,105.58341327637707,BANKING
ICICI,2022-06-03,100.1402289893644,108.190506157285,BANKING
KOTAK,2022-06-03,102.60632460145366,104.50110934305962,BANKING
AXIS,2022-06-03,99.72643518840006,107.95791704249703,BANKING
SBI,2022-06-03,99.58433958488892,106.06592558030054,BANKING
HDFC,2022-06-06,100.30028057726896,105.75770066965354,BANKING
ICICI,2022-06-06,100.19911702376113,109.29908950906209,BANKING
KOTAK,2022-06-06,102.76574464459007,104.823512933498,BANKING
AXIS,2022-06-06,99.65448200878701,107.50509026742579,BANKING
SBI,2022-06-06,99.57114283897938,105.31369594740694,BANKING
HDFC,2022-06-07,100.2517229383254,104.85321609762374,BANKING
ICICI,2022-06-07,100.11134418580517,109.07896351163258,BANKING
KOTAK,2022-06-07,102.84596115095715,105.46171678191757,BANKING
AXIS,2022-06-07,99.65230340208505,107.99751783228452,BANKING
SBI,2022-06-07,99.70842841757073,104.3478430077279,BANKING
HDFC,2022-06-08,100.40536761820931,105.53235729902836,BANKING
ICICI,2022-06-08,100.05271719319629,108.95001948287585,BANKING
KOTAK,2022-06-08,102.76920379579882,104.8343715190438,BANKING
AXIS,2022-06-08,99.57431106704122,107.7215677666384,BANKING
SBI,2022-06-08,100.04005399594826,107.34677271569893,BANKING
HDFC,2022-06-09,100.40713083663066,105.78830851368863,BANKING
ICICI,2022-06-09,100.01115023805247,108.70329214570607,BANKING
KOTAK,2022-06-09,102.84674912202021,107.43063157598232,BANKING
AXIS,2022-06-09,99.53881738088587,106.37787986517178,BANKING
SBI,2022-06-09,99.77040915755853,105.52465461785764,BANKING
HDFC,2022-06-10,100.3516833769547,104.73042333643245,BANKING
ICICI,2022-06-10,100.00218092969116,110.59745560408015,BANKING
KOTAK,2022-06-10,102.28852161436822,105.5494097996549,BANKING
AXIS,2022-06-10,99.71042298952291,106.87253463068483,BANKING
SBI,2022-06-10,99.86563760098134,106.68324633344744,BANKING
HDFC,2022-06-13,100.5330193837007,106.34645791880205,BANKING
ICICI,2022-06-13,99.74365321010154,108.73448463118174,BANKING
KOTAK,2022-06-13,102.19075673457549,104.75864581129028,BANKING
AXIS,2022-06-13,99.80585740982835,107.10463786314085,BANKING
SBI,2022-06-13,99.72888565530904,105.38202653065048,BANKING
HDFC,2022-06-14,100.35281345423434,105.62944308732963,BANKING
ICICI,2022-06-14,99.73059876724257,108.10635884452927,BANKING
KOTAK,2022-06-14,102.28641064373737,105.07306844009054,BANKING
AXIS,2022-06-14,99.8655091444213,107.33755197383486,BANKING
SBI,2022-06-14,99.85267899421727,105.21230390006467,BANKING
HDFC,2022-06-15,100.33287901353381,105.42999083723055,BANKING
ICICI,2022-06-15,99.80034628615878,107.74302021170854,BANKING
KOTAK,2022-06-15,102.3051246426524,106.53365979169587,BANKING
AXIS,2022-06-15,99.88920156378069,107.6983906163811,BANKING
SBI,2022-06-15,100.01072807138256,106.03905777471685,BANKING
HDFC,2022-06-16,100.3575234395115,104.48777717133281,BANKING
ICICI,2022-06-16,99.91813463956096,106.8821668374692,BANKING
KOTAK,2022-06-16,101.96746556084295,104.85507104669233,BANKING
AXIS,2022-06-16,99.85717290937473,107.14610848264347,BANKING
SBI,2022-06-16,100.00286549157772,105.75521260637441,BANKING
HDFC,2022-06-17,100.59333462806569,103.48771005502775,BANKING
ICICI,2022-06-17,100.15008768002396,109.16752421233386,BANKING
KOTAK,2022-06-17,102.03934890574898,105.18386874623052,BANKING
AXIS,2022-06-17,99.91044500659507,108.52696806650188,BANKING
SBI,2022-06-17,100.05198435834163,107.45923628368234,BANKING
HDFC,2022-06-20,101.05532919895681,106.30459573870475,BANKING
ICICI,2022-06-20,100.0797364690843,109.05248746093147,BANKING
KOTAK,2022-06-20,102.03096618296429,106.80260191372531,BANKING
AXIS,2022-06-20,99.75065464690657,107.88845184393669,BANKING
SBI,2022-06-20,99.75985556161075,104.58193177829529,BANKING
HDFC,2022-06-21,100.88357671079504,104.58070647043472,BANKING
ICICI,2022-06-21,100.02462434187208,108.5526999076135,BANKING
KOTAK,2022-06-21,101.62903709915415,104.43769890509728,BANKING
AXIS,2022-06-21,99.68938367036267,107.5492123807695,BANKING
SBI,2022-06-21,100.04450328584512,105.37965383133297,BANKING
HDFC,2022-06-22,101.09964861253366,106.08851024723448,BANKING
ICICI,2022-06-22,100.03555266927461,107.69639366272874,BANKING
KOTAK,2022-06-22,101.80240665880329,105.21350991747026,BANKING
AXIS,2022-06-22,99.68040405569361,107.85373400015308,BANKING
SBI,2022-06-22,100.16916589813378,106.07460431513672,BANKING
HDFC,2022-06-23,100.97633784229043,105.0745452808871,BANKING
ICICI,2022-06-23,100.15979521312444,107.44614132386126,BANKING
KOTAK,2022-06-23,101.78682583937878,105.21340662070338,BANKING
AXIS,2022-06-23,99.62452089021595,107.6136161329634,BANKING
SBI,2022-06-23,100.15414774434774,106.230679863661,BANKING
HDFC,2022-06-24,101.08118600400368,106.18954744789266,BANKING
ICICI,2022-06-24,100.31739704933025,108.95460405661169,BANKING
KOTAK,2022-06-24,101.77127255150832,106.33459416332765,BANKING
AXIS,2022-06-24,99.6056291230533,107.737076289338,BANKING
SBI,2022-06-24,100.10778503624614,105.44818969760165,BANKING
HDFC,2022-06-27,100.93521050470966,106.3996002304847,BANKING
ICICI,2022-06-27,100.27511308694714,109.81283832854976,BANKING
KOTAK,2022-06-27,101.48354753615683,106.53153099146796,BANKING
AXIS,2022-06-27,99.56773754949278,107.00034251982805,BANKING
SBI,2022-06-27,100.21872700359617,105.5531837723761,BANKING
HDFC,2022-06-28,100.74238051164329,105.36729351025554,BANKING
ICICI,2022-06-28,100.11938485991314,109.42548190413461,BANKING
KOTAK,2022-06-28,101.14911353051806,106.33046098334135,BANKING
AXIS,2022-06-28,99.64332528178952,109.09895446641053,BANKING
SBI,2022-06-28,100.3086356138862,106.6500655589555,BANKING
HDFC,2022-06-29,100.78120294220304,105.13086249021693,BANKING
ICICI,2022-06-29,100.01499728497488,107.84092416319369,BANKING
KOTAK,2022-06-29,100.86414202608871,103.99072162153007,BANKING
AXIS,2022-06-29,99.39619573669628,106.18237604838043,BANKING
SBI,2022-06-29,100.17793773416858,104.69402930417503,BANKING
HDFC,2022-06-30,100.87318202238843,104.94915923749718,BANKING
ICICI,2022-06-30,100.12007484458785,108.94196493981377,BANKING
KOTAK,2022-06-30,101.14455138982365,104.6084471454735,BANKING
AXIS,2022-06-30,99.59771472261451,106.58653156503026,BANKING
SBI,2022-06-30,100.44112147388066,105.68270405592261,BANKING
HDFC,2022-07-01,101.00616118276994,105.91954009434423,BANKING
ICICI,2022-07-01,100.07954433197868,106.77127726384761,BANKING
KOTAK,2022-07-01,101.27565245499842,105.46701270971313,BANKING
AXIS,2022-07-01,99.7371892891007,106.73257666519198,BANKING
SBI,2022-07-01,100.50508566444991,105.26976299613443,BANKING
HDFC,2022-07-04,100.92090021096156,105.60906719625133,BANKING
ICICI,2022-07-04,100.3266027836947,108.5659480121033,BANKING
KOTAK,2022-07-04,101.19878582779582,105.44503181034995,BANKING
AXIS,2022-07-04,99.85427888999334,108.01669753520171,BANKING
SBI,2022-07-04,100.65254417508463,106.10034684688122,BANKING
HDFC,2022-07-05,100.90543152368133,105.30168457725321,BANKING
ICICI,2022-07-05,100.33580793243664,108.87852886191624,BANKING
KOTAK,2022-07-05,101.12729156318167,103.89749487923947,BANKING
AXIS,2022-07-05,99.77317194114774,107.26426506729982,BANKING
SBI,2022-07-05,100.63225623439503,105.57027762968858,BANKING
HDFC,2022-07-06,100.95907601193069,104.67301879640313,BANKING
ICICI,2022-07-06,100.30359216676555,107.23677536230838,BANKING
KOTAK,2022-07-06,101.43111843589176,104.12400521729266,BANKING
AXIS,2022-07-06,99.80815507924592,107.99031432079508,BANKING
SBI,2022-07-06,100.7190780548817,105.56605078795143,BANKING
HDFC,2022-07-07,101.15446654322083,105.98238814593918,BANKING
ICICI,2022-07-07,100.48925700824323,107.23044888388543,BANKING
KOTAK,2022-07-07,101.68059083333716,105.32374350562604,BANKING
AXIS,2022-07-07,99.73115071669038,106.7041160450805,BANKING
SBI,2022-07-07,100.80683051089366,106.14565850595348,BANKING
HDFC,2022-07-08,101.05494620855042,104.87678427767257,BANKING
ICICI,2022-07-08,100.67610846996372,106.60341998303258,BANKING
KOTAK,2022-07-08,101.63822810078804,105.31322884184752,BANKING
AXIS,2022-07-08,99.85263250622233,106.338263626471,BANKING
SBI,2022-07-08,100.77735051040352,106.0363229592057,BANKING
HDFC,2022-07-11,101.20450107657344,105.58813518414762,BANKING
ICICI,2022-07-11,100.94707918420649,108.94543409810939,BANKING
KOTAK,2022-07-11,101.59843772234385,105.44492260430447,BANKING
AXIS,2022-07-11,100.03091708687545,107.17454273276863,BANKING
SBI,2022-07-11,100.76998060426183,105.73929520665428,BANKING
HDFC,2022-07-12,101.19370613617313,107.40324703324282,BANKING
ICICI,2022-07-12,100.90575163756984,108.98367415660306,BANKING
KOTAK,2022-07-12,101.52668762115854,103.33547047756399,BANKING
AXIS,2022-07-12,100.07987948747179,106.67971248508772,BANKING
SBI,2022-07-12,100.82269806451406,105.2454945010496,BANKING
HDFC,2022-07-13,100.7755320580448,105.8575601647548,BANKING
ICICI,2022-07-13,100.85934809208409,108.55850325970334,BANKING
KOTAK,2022-07-13,101.96923462016512,103.44175554711089,BANKING
AXIS,2022-07-13,100.20557172181164,108.61716955752429,BANKING
SBI,2022-07-13,100.97554694699595,107.10441215427986,BANKING
HDFC,2022-07-14,100.70435634580238,105.42408268818323,BANKING
ICICI,2022-07-14,100.86959423206677,109.5776155938641,BANKING
KOTAK,2022-07-14,102.38756209386332,104.85630208582451,BANKING
AXIS,2022-07-14,100.03138026375319,108.63573688355325,BANKING
SBI,2022-07-14,100.75224586994422,106.62338667078669,BANKING
HDFC,2022-07-15,100.73041790372811,107.94021674414624,BANKING
ICICI,2022-07-15,100.74419882717133,107.18117086365773,BANKING
KOTAK,2022-07-15,102.45943961778332,103.41299165670321,BANKING
AXIS,2022-07-15,99.85462987154952,106.13760045224976,BANKING
SBI,2022-07-15,100.62634981926993,105.25210605434364,BANKING
HDFC,2022-07-18,100.19481874547157,105.86690197849875,BANKING
ICICI,2022-07-18,100.93810734994692,107.81499922935251,BANKING
KOTAK,2022-07-18,102.88688742041145,106.09836657108802,BANKING
AXIS,2022-07-18,100.06402001808183,106.07738136406107,BANKING
SBI,2022-07-18,100.77756203343338,105.01294957065377,BANKING
HDFC,2022-07-19,100.12197136680217,105.39215717698201,BANKING
ICICI,2022-07-19,101.04761899876408,109.5127348900464,BANKING
KOTAK,2022-07-19,102.65385999959334,106.60696226430287,BANKING
AXIS,2022-07-19,100.283206319642,107.7636619187233,BANKING
SBI,2022-07-19,100.97753197178801,105.1308465921733,BANKING
HDFC,2022-07-20,100.15500599176494,106.3229562992397,BANKING
ICICI,2022-07-20,100.93064217323844,108.79129164902871,BANKING
KOTAK,2022-07-20,102.29716916288373,107.08879145704796,BANKING
AXIS,2022-07-20,100.2409379565445,106.84742528251275,BANKING
SBI,2022-07-20,101.1539213011008,105.85708698003354,BANKING
HDFC,2022-07-21,99.98070188745531,104.00153151197807,BANKING
ICICI,2022-07-21,100.90986076114248,107.4212611178438,BANKING
KOTAK,2022-07-21,101.82474783695884,104.40406672948858,BANKING
AXIS,2022-07-21,100.34077952807813,106.44064067379605,BANKING
SBI,2022-07-21,101.1829116976854,106.31168849185069,BANKING
HDFC,2022-07-22,100.32453822227785,104.74948786963388,BANKING
ICICI,2022-07-22,101.07197001667664,107.9184287693973,BANKING
KOTAK,2022-07-22,102.00667298752178,106.31040752081367,BANKING
AXIS,2022-07-22,100.5039978747637,107.44310696187334,BANKING
SBI,2022-07-22,101.11964337191934,104.86055808175226,BANKING
HDFC,2022-07-25,100.50154983573992,104.87973825417585,BANKING
ICICI,2022-07-25,101.16778908016072,108.28169363414112,BANKING
KOTAK,2022-07-25,101.72415206595555,106.11850027303824,BANKING
AXIS,2022-07-25,100.51143341018279,108.99342794410023,BANKING
SBI,2022-07-25,101.35134532537764,105.83444243396694,BANKING
HDFC,2022-07-26,100.64962250518275,105.72647376365522,BANKING
ICICI,2022-07-26,101.21508177742083,109.11906885032596,BANKING
KOTAK,2022-07-26,101.48888061953743,106.44897900781434,BANKING
AXIS,2022-07-26,100.27847228795399,106.9018696678101,BANKING
SBI,2022-07-26,101.38500035608213,104.48974112970602,BANKING
HDFC,2022-07-27,100.60788994984716,106.34275125194635,BANKING
ICICI,2022-07-27,101.15045260277714,108.59986820250714,BANKING
KOTAK,2022-07-27,101.17434510789816,102.85347028894563,BANKING
AXIS,2022-07-27,100.3698934548796,108.04549895726107,BANKING
SBI,2022-07-27,101.69315079985871,106.8003485262615,BANKING
HDFC,2022-07-28,100.42837746824978,105.65973654832375,BANKING
ICICI,2022-07-28,101.15520023206578,109.5941211605678,BANKING
KOTAK,2022-07-28,101.7331814337977,107.36396975695033,BANKING
AXIS,2022-07-28,100.28390538148632,108.58585668225729,BANKING
SBI,2022-07-28,101.53007202360253,107.83233056904304,BANKING
HDFC,2022-07-29,100.40165485726861,105.75525640570092,BANKING
ICICI,2022-07-29,101.02724969730802,109.16056182375303,BANKING
KOTAK,2022-07-29,101.19704978898929,103.81294330752912,BANKING
AXIS,2022-07-29,100.11441648867762,107.65212288463121,BANKING
SBI,2022-07-29,101.15811743564582,106.03169327238034,BANKING
HDFC,2022-08-01,100.3535942236404,106.6255493159412,BANKING
ICICI,2022-08-01,100.95721021509941,109.43677926813241,BANKING
KOTAK,2022-08-01,101.52168412701872,103.71364995686857,BANKING
AXIS,2022-08-01,100.08947368030613,107.5480707452725,BANKING
SBI,2022-08-01,101.15165929579905,104.6894347566966,BANKING
HDFC,2022-08-02,100.11158876610556,105.55156630071001,BANKING
ICICI,2022-08-02,100.85044556872211,107.95428694884991,BANKING
KOTAK,2022-08-02,101.87163735754218,107.09076582272473,BANKING
AXIS,2022-08-02,100.08063467418833,107.66349006868631,BANKING
SBI,2022-08-02,101.41833862401624,106.41305391143324,BANKING
HDFC,2022-08-03,100.10906357307688,105.6192719654708,BANKING
ICICI,2022-08-03,100.94126855836721,109.21186719601067,BANKING
KOTAK,2022-08-03,101.40070443404124,105.9093113744124,BANKING
AXIS,2022-08-03,100.05394216910689,108.34524851854125,BANKING
SBI,2022-08-03,101.33432483308539,107.18750621283945,BANKING
HDFC,2022-08-04,100.09144463452982,105.94616440311816,BANKING
ICICI,2022-08-04,100.86445728563767,106.3135979846468,BANKING
KOTAK,2022-08-04,101.2167198246477,105.31710399513469,BANKING
AXIS,2022-08-04,99.92195310194512,106.87357992318316,BANKING
SBI,2022-08-04,101.0934118498546,106.42875601222666,BANKING
HDFC,2022-08-05,100.00103057781831,103.9324310790729,BANKING
ICICI,2022-08-05,101.1747750810083,108.9534713123201,BANKING
KOTAK,2022-08-05,101.17615682227778,105.29384813568683,BANKING
AXIS,2022-08-05,100.0174281741961,106.34620248413538,BANKING
SBI,2022-08-05,101.0064874025684,108.32521220524237,BANKING
HDFC,2022-08-08,100.36043648259255,105.31471601992259,BANKING
ICICI,2022-08-08,101.13228100072537,107.111698291623,BANKING
KOTAK,2022-08-08,101.14123511848932,106.01995823693993,BANKING
AXIS,2022-08-08,100.19477489423971,108.17192203261413,BANKING
SBI,2022-08-08,100.53738329226101,106.95828129649777,BANKING
HDFC,2022-08-10,100.41087520485885,104.95531568659133,BANKING
ICICI,2022-08-10,101.33625449903187,107.97738158403645,BANKING
KOTAK,2022-08-10,100.93105182410925,104.48041835342258,BANKING
AXIS,2022-08-10,100.08938849645169,106.07443750001569,BANKING
SBI,2022-08-10,100.34440938000236,104.9841113647294,BANKING
HDFC,2022-08-11,100.54186441255666,105.78936818574805,BANKING
ICICI,2022-08-11,101.42441789999589,106.93736275170096,BANKING
KOTAK,2022-08-11,101.09288103559629,105.97472393227345,BANKING
AXIS,2022-08-11,100.30908795637845,107.48924645164864,BANKING
SBI,2022-08-11,100.54934976654488,105.24334354600234,BANKING
HDFC,2022-08-12,100.4861055073745,105.13298696568003,BANKING
ICICI,2022-08-12,101.65243848082504,108.82382117757604,BANKING
KOTAK,2022-08-12,100.89369424317802,105.55297913072924,BANKING
AXIS,2022-08-12,100.30935234737974,107.6217546222881,BANKING
SBI,2022-08-12,100.70221954376238,107.34696889607103,BANKING
HDFC,2022-08-16,100.57733890295836,105.68579165621867,BANKING
ICICI,2022-08-16,101.627142209469,108.88029546675578,BANKING
KOTAK,2022-08-16,100.79640258981333,106.09375388123088,BANKING
AXIS,2022-08-16,100.28906893772339,107.267271913104,BANKING
SBI,2022-08-16,100.43075049693273,106.20490422743887,BANKING
HDFC,2022-08-17,100.5447432183202,105.49114063575996,BANKING
ICICI,2022-08-17,101.5942748061617,108.47221611314052,BANKING
KOTAK,2022-08-17,100.56921720771683,102.01351924239185,BANKING
AXIS,2022-08-17,100.32376637333752,108.21394578341294,BANKING
SBI,2022-08-17,100.3894495629924,105.40064291353929,BANKING
HDFC,2022-08-18,100.55574044591366,105.66786724046544,BANKING
ICICI,2022-08-18,101.61617972292503,109.28931250457994,BANKING
KOTAK,2022-08-18,101.32945982884544,105.47386117428127,BANKING
AXIS,2022-08-18,100.2117396443643,107.40527485396957,BANKING
SBI,2022-08-18,100.5103036166132,106.96891833726207,BANKING
HDFC,2022-08-19,100.52716389581241,105.55262286397462,BANKING
ICICI,2022-08-19,101.52847571622787,109.31188733342645,BANKING
KOTAK,2022-08-19,101.25089467925186,105.99546899173285,BANKING
AXIS,2022-08-19,100.2250167855205,107.90542849041637,BANKING
SBI,2022-08-19,100.31524465944291,106.19332318937364,BANKING
HDFC,2022-08-22,100.52439165902263,106.31438118613347,BANKING
ICICI,2022-08-22,101.4378249553009,107.64297702442511,BANKING
KOTAK,2022-08-22,101.04639138430927,104.41229030002656,BANKING
AXIS,2022-08-22,100.16082688656223,107.3428975863041,BANKING
SBI,2022-08-22,100.27632051251888,104.71469735087291,BANKING
HDFC,2022-08-23,100.35135804705524,105.22983502603685,BANKING
ICICI,2022-08-23,101.57098530821449,107.56188354613602,BANKING
KOTAK,2022-08-23,101.22493079493987,104.69892966460058,BANKING
AXIS,2022-08-23,100.18376110979723,107.30278353542201,BANKING
SBI,2022-08-23,100.53558235300274,106.54397552931059,BANKING
HDFC,2022-08-24,100.42078724336353,105.6121755214663,BANKING
ICICI,2022-08-24,101.71523113640119,108.21464321164657,BANKING
KOTAK,2022-08-24,101.33417149005206,104.64936806169638,BANKING
AXIS,2022-08-24,100.21291768096144,107.81229334156137,BANKING
SBI,2022-08-24,100.42593936368577,105.43488006063814,BANKING
HDFC,2022-08-25,100.40470018392777,105.72320187642144,BANKING
ICICI,2022-08-25,101.77179840033313,109.07855577999406,BANKING
KOTAK,2022-08-25,101.45557291725576,103.67218518049629,BANKING
AXIS,2022-08-25,100.16315042017197,107.49059077670876,BANKING
SBI,2022-08-25,100.5399219932422,105.63038143703515,BANKING
HDFC,2022-08-26,100.36380029196356,105.8837227148804,BANKING
ICICI,2022-08-26,101.71225376845142,109.01517008549013,BANKING
KOTAK,2022-08-26,101.81543332551448,106.44759189449015,BANKING
AXIS,2022-08-26,100.16320622609075,108.06216772409115,BANKING
SBI,2022-08-26,100.61451928133641,106.26061778641181,BANKING
HDFC,2022-08-29,100.28707546897238,104.92070191588822,BANKING
ICICI,2022-08-29,101.66125148303855,107.39656396007108,BANKING
KOTAK,2022-08-29,101.50022154979453,104.26721199718408,BANKING
AXIS,2022-08-29,100.07481816715834,107.10368015150098,BANKING
SBI,2022-08-29,100.56190522952411,105.50746709515658,BANKING
HDFC,2022-08-30,100.42565578023779,105.2677877009138,BANKING
ICICI,2022-08-30,101.82789534986682,108.9206284182098,BANKING
KOTAK,2022-08-30,101.71492941928918,104.60919922123864,BANKING
AXIS,2022-08-30,100.13477902395819,107.31394552102273,BANKING
SBI,2022-08-30,100.66136406723135,104.64349399869997,BANKING
HDFC,2022-09-01,100.48663598907522,104.65053288187822,BANKING
ICICI,2022-09-01,101.78954135763689,108.87392005345508,BANKING
KOTAK,2022-09-01,101.8465863054141,104.3285711700517,BANKING
AXIS,2022-09-01,100.16219216218647,106.88632105105583,BANKING
SBI,2022-09-01,100.93607995233275,105.44330267874264,BANKING
HDFC,2022-09-02,100.68616470477731,105.61485964163047,BANKING
ICICI,2022-09-02,101.75747816267683,108.13558891629675,BANKING
KOTAK,2022-09-02,102.04701491691368,104.88933043773297,BANKING
AXIS,2022-09-02,100.2559198095231,107.44290480465851,BANKING
SBI,2022-09-02,101.0489318587648,106.26294997388912,BANKING
HDFC,2022-09-05,100.669433380376,105.85413013125637,BANKING
ICICI,2022-09-05,101.82470863536682,108.40840544276685,BANKING
KOTAK,2022-09-05,102.11057913138175,106.20219232704903,BANKING
AXIS,2022-09-05,100.2633683338654,108.04073544713934,BANKING
SBI,2022-09-05,100.99561825759211,106.12452143748503,BANKING
HDFC,2022-09-06,100.59910062512894,105.82765220042685,BANKING
ICICI,2022-09-06,101.85525100226732,109.41944358914208,BANKING
KOTAK,2022-09-06,101.85406713561503,105.3529544011904,BANKING
AXIS,2022-09-06,100.1782087400652,106.83757692613423,BANKING
SBI,2022-09-06,100.97036426593395,106.63379045683322,BANKING
HDFC,2022-09-07,100.53474195574192,105.49926030408544,BANKING
ICICI,2022-09-07,101.74986434575666,106.80296912965021,BANKING
KOTAK,2022-09-07,101.80452048088748,105.00474035255121,BANKING
AXIS,2022-09-07,100.2795163704818,105.87144453671095,BANKING
SBI,2022-09-07,100.84209311498458,104.97734603320687,BANKING
HDFC,2022-09-08,100.54391952184403,105.66313892793701,BANKING
ICICI,2022-09-08,101.99676548391896,108.54315114262066,BANKING
KOTAK,2022-09-08,101.83979713005853,105.51830351492961,BANKING
AXIS,2022-09-08,100.53125611093213,107.1478670697476,BANKING
SBI,2022-09-08,101.04942451890642,104.80830801589475,BANKING
HDFC,2022-09-09,100.51640462799857,106.41818595732397,BANKING
ICICI,2022-09-09,102.0091961773832,108.53823023125595,BANKING
KOTAK,2022-09-09,101.75002609044988,105.81363854549805,BANKING
AXIS,2022-09-09,100.58461417030571,106.38723055917801,BANKING
SBI,2022-09-09,101.2916097010822,106.25519836588977,BANKING
HDFC,2022-09-12,100.32022972710145,105.00570761307108,BANKING
ICICI,2022-09-12,102.02229167571313,109.14895531761425,BANKING
KOTAK,2022-09-12,101.58861814614028,105.88171035644478,BANKING
AXIS,2022-09-12,100.75656347797641,107.62497198046526,BANKING
SBI,2022-09-12,101.23974193434088,106.15950091050962,BANKING
HDFC,2022-09-13,100.43981258393168,104.19917873913867,BANKING
ICICI,2022-09-13,101.95312446428802,107.1503142378625,BANKING
KOTAK,2022-09-13,101.41097695232425,103.27150468516407,BANKING
AXIS,2022-09-13,100.73568860935899,107.44781691156366,BANKING
SBI,2022-09-13,101.20732503645897,103.56962758624535,BANKING
HDFC,2022-09-14,100.74072631400293,105.36252043125424,BANKING
ICICI,2022-09-14,102.15353190390816,107.85914849751245,BANKING
KOTAK,2022-09-14,101.86867686963627,105.48666510950899,BANKING
AXIS,2022-09-14,100.74240756866999,108.19856613065568,BANKING
SBI,2022-09-14,101.7032787042363,105.31719305937082,BANKING
HDFC,2022-09-15,100.78061994922662,105.44053706440373,BANKING
ICICI,2022-09-15,102.25839181643309,107.40037646900261,BANKING
KOTAK,2022-09-15,101.7865780796196,103.4633322344821,BANKING
AXIS,2022-09-15,100.63230374169363,106.07173353449666,BANKING
SBI,2022-09-15,101.84278836628,105.88299180049313,BANKING
HDFC,2022-09-16,100.80300589743236,105.40614254097403,BANKING
ICICI,2022-09-16,102.42549781810489,110.57700010132304,BANKING
KOTAK,2022-09-16,102.198858985829,105.69191051982402,BANKING
AXIS,2022-09-16,100.85361750201226,107.0386681278847,BANKING
SBI,2022-09-16,101.86667964242832,104.82249493224549,BANKING
HDFC,2022-09-19,100.8331232115718,105.44029018869419,BANKING
ICICI,2022-09-19,102.16345882921307,107.63307381585143,BANKING
KOTAK,2022-09-19,102.06641627071791,105.69300470033892,BANKING
AXIS,2022-09-19,100.92419617718456,106.93148690553203,BANKING
SBI,2022-09-19,102.10790985439758,106.69760816037618,BANKING
HDFC,2022-09-20,100.85557629265615,105.15315659152218,BANKING
ICICI,2022-09-20,102.29891180960861,108.16967672260864,BANKING
KOTAK,2022-09-20,101.93387870063357,105.6767627944992,BANKING
AXIS,2022-09-20,101.01157604995738,107.65734090290914,BANKING
SBI,2022-09-20,101.96515301379091,106.18635198505153,BANKING
HDFC,2022-09-21,100.94260619953066,107.14982957089015,BANKING
ICICI,2022-09-21,102.36188752890239,109.59931615909574,BANKING
KOTAK,2022-09-21,101.80546401782013,105.9597060916608,BANKING
AXIS,2022-09-21,100.9855951573768,108.77803762815351,BANKING
SBI,2022-09-21,101.92701390000249,105.92979927479992,BANKING
HDFC,2022-09-22,100.58200853066765,106.49176213292058,BANKING
ICICI,2022-09-22,102.23170996493866,109.39795721576326,BANKING
KOTAK,2022-09-22,101.60851671150624,105.02606723789579,BANKING
AXIS,2022-09-22,100.78502251565719,108.18591845179539,BANKING
SBI,2022-09-22,101.94134807456938,107.11348666947994,BANKING
HDFC,2022-09-23,100.3692892095067,105.10466549523595,BANKING
ICICI,2022-09-23,102.12882961841322,109.37288965780695,BANKING
KOTAK,2022-09-23,101.63853773415252,105.16313248328413,BANKING
AXIS,2022-09-23,100.676838792612,108.71628342620657,BANKING
SBI,2022-09-23,101.71406320313258,105.57968495413114,BANKING
HDFC,2022-09-26,100.46675991697926,106.35485333214608,BANKING
ICICI,2022-09-26,102.02942808686525,109.74465529726857,BANKING
KOTAK,2022-09-26,101.63522965441243,106.64806524707556,BANKING
AXIS,2022-09-26,100.4864552647688,107.96465913317093,BANKING
SBI,2022-09-26,101.7998950818644,107.06223605099467,BANKING
HDFC,2022-09-27,100.28480084401524,106.35506983058956,BANKING
ICICI,2022-09-27,101.88013761076115,108.0229417791424,BANKING
KOTAK,2022-09-27,101.2721541507059,104.67448373111944,BANKING
AXIS,2022-09-27,100.41290770970147,108.97495681273985,BANKING
SBI,2022-09-27,101.58334895440204,107.14666343836561,BANKING
HDFC,2022-09-28,100.1031231398595,105.8048060433263,BANKING
ICICI,2022-09-28,101.96263213362482,109.13130625479106,BANKING
KOTAK,2022-09-28,101.38738186798177,106.36393217876883,BANKING
AXIS,2022-09-28,100.18302956320242,107.05598614490371,BANKING
SBI,2022-09-28,101.35013025579894,106.303988159911,BANKING
HDFC,2022-09-29,100.04416939626611,104.44472988184168,BANKING
ICICI,2022-09-29,101.89587943938157,108.05485750470964,BANKING
KOTAK,2022-09-29,101.09366656004369,103.85949474591958,BANKING
AXIS,2022-09-29,100.2504526412712,107.25159056375298,BANKING
SBI,2022-09-29,101.28832142854918,105.9543531799815,BANKING
HDFC,2022-09-30,100.28888271052845,104.92437425092294,BANKING
ICICI,2022-09-30,101.97408386190205,109.08099399889359,BANKING
KOTAK,2022-09-30,101.40663925552721,105.84655602999861,BANKING
AXIS,2022-09-30,100.28756919351407,107.65031366548892,BANKING
SBI,2022-09-30,101.29757422168305,106.7295549438619,BANKING
HDFC,2022-10-03,100.42664293787135,105.04787813366208,BANKING
ICICI,2022-10-03,101.91409280982424,108.65421753504486,BANKING
KOTAK,2022-10-03,101.23781591978825,105.27925644261471,BANKING
AXIS,2022-10-03,100.26286365375456,107.1452360520649,BANKING
SBI,2022-10-03,101.14947532323039,105.83216801091656,BANKING
HDFC,2022-10-04,100.53689811650548,106.9228199484731,BANKING
ICICI,2022-10-04,101.91155903176134,106.6249387460682,BANKING
KOTAK,2022-10-04,101.20640479017601,105.63209334687173,BANKING
AXIS,2022-10-04,100.31648757510979,106.52189656860813,BANKING
SBI,2022-10-04,101.18352525544796,105.54623509230571,BANKING
HDFC,2022-10-06,100.2282470463318,105.85781700699144,BANKING
ICICI,2022-10-06,102.18294242647266,108.90862517345577,BANKING
KOTAK,2022-10-06,101.08969626512227,104.72415736364623,BANKING
AXIS,2022-10-06,100.46702334646811,107.3580006472071,BANKING
SBI,2022-10-06,101.27571276913417,107.05722376028095,BANKING
HDFC,2022-10-07,100.15740061313062,106.18958670451008,BANKING
ICICI,2022-10-07,102.14607377747585,108.23509189327478,BANKING
KOTAK,2022-10-07,101.19267689025875,105.63314679591541,BANKING
AXIS,2022-10-07,100.48768050728441,105.0852788780685,BANKING
SBI,2022-10-07,101.06129593516616,105.54677237885994,BANKING
HDFC,2022-10-10,100.01275045802888,105.08066512015175,BANKING
ICICI,2022-10-10,102.20011836553397,108.3580864616768,BANKING
KOTAK,2022-10-10,101.07572974812486,104.80187754968948,BANKING
AXIS,2022-10-10,100.86285705014903,105.4625645150335,BANKING
SBI,2022-10-10,101.15326293333223,105.25079153742026,BANKING
HDFC,2022-10-11,100.11523199650553,105.70166226245324,BANKING
ICICI,2022-10-11,102.23757135690728,109.92360858468756,BANKING
KOTAK,2022-10-11,101.15986730658662,104.75816634512137,BANKING
AXIS,2022-10-11,101.1801892740344,105.8429039434813,BANKING
SBI,2022-10-11,101.30553455803945,105.66706216546429,BANKING
HDFC,2022-10-12,100.0792494848166,106.0285238326952,BANKING
ICICI,2022-10-12,102.06388361206407,109.90385717559451,BANKING
KOTAK,2022-10-12,101.25467252621102,105.0010678427581,BANKING
AXIS,2022-10-12,101.43867774195337,107.64423693450144,BANKING
SBI,2022-10-12,101.3732330273194,107.46490263044171,BANKING
HDFC,2022-10-13,99.97052411571573,103.44575751512087,BANKING
ICICI,2022-10-13,101.89314502182545,107.5388475596307,BANKING
KOTAK,2022-10-13,101.2906489162208,104.41021804880664,BANKING
AXIS,2022-10-13,101.41464127624914,108.43580054146473,BANKING
SBI,2022-10-13,101.07610061270039,105.919044619363,BANKING
HDFC,2022-10-14,100.43908672653416,105.73978185951898,BANKING
ICICI,2022-10-14,102.0409579857955,107.47953778473716,BANKING
KOTAK,2022-10-14,101.47012385573724,104.60363631084535,BANKING
AXIS,2022-10-14,101.26669732668599,106.73022928159861,BANKING
SBI,2022-10-14,101.0924970085001,103.9830008522603,BANKING
HDFC,2022-10-17,100.39446683277222,106.68129670968229,BANKING
ICICI,2022-10-17,102.19700407471072,108.26892873119186,BANKING
KOTAK,2022-10-17,101.60281784198689,106.02314814964615,BANKING
AXIS,2022-10-17,101.38595095824051,108.0761432653049,BANKING
SBI,2022-10-17,101.50328197480992,103.89814406385554,BANKING
HDFC,2022-10-18,100.13995853885221,104.70632509624342,BANKING
ICICI,2022-10-18,102.24650285602554,109.44940379227074,BANKING
KOTAK,2022-10-18,101.39090315361747,104.79786950833383,BANKING
AXIS,2022-10-18,101.29429695337295,106.30075704953181,BANKING
SBI,2022-10-18,101.93316299999282,107.56125128877493,BANKING
HDFC,2022-10-19,100.32630671693391,106.46814687134653,BANKING
ICICI,2022-10-19,102.13667319295483,109.44599389627845,BANKING
KOTAK,2022-10-19,101.47627693087588,105.7205552137005,BANKING
AXIS,2022-10-19,101.48105128867152,108.11287091923334,BANKING
SBI,2022-10-19,101.61480168602802,105.94207433041795,BANKING
HDFC,2022-10-20,100.11938325537889,106.27630482041215,BANKING
ICICI,2022-10-20,102.02742059859358,106.26279693003274,BANKING
KOTAK,2022-10-20,101.33783490717364,103.25301492686721,BANKING
AXIS,2022-10-20,101.38355908671046,100.44125899610505,BANKING
SBI,2022-10-20,101.6265884537484,105.2032913671784,BANKING
HDFC,2022-10-21,99.9555093505058,104.90321975480231,BANKING
ICICI,2022-10-21,102.34820599195999,107.16742368816386,BANKING
KOTAK,2022-10-21,101.79972819269616,106.32537512571649,BANKING
AXIS,2022-10-21,102.50084819580093,107.38346987015443,BANKING
SBI,2022-10-21,101.78928902019076,105.2640311915981,BANKING
HDFC,2022-10-24,100.09753455914077,105.80252800157189,BANKING
ICICI,2022-10-24,102.54706771669579,108.28782134131698,BANKING
KOTAK,2022-10-24,101.51415538472128,107.2261422244493,BANKING
AXIS,2022-10-24,102.51788547586641,107.75513112379238,BANKING
SBI,2022-10-24,101.93980584221092,104.37073300262912,BANKING
HDFC,2022-10-25,100.03909140514732,105.74321960501264,BANKING
ICICI,2022-10-25,102.59417431165717,109.27531180786823,BANKING
KOTAK,2022-10-25,101.01231054586141,104.65041058840607,BANKING
AXIS,2022-10-25,102.476026346446,106.7192766817163,BANKING
SBI,2022-10-25,102.27413974936994,106.2392768714566,BANKING
HDFC,2022-10-27,99.9938838904513,105.52649077668,BANKING
ICICI,2022-10-27,102.50752046940588,111.15133076708446,BANKING
KOTAK,2022-10-27,101.13307382833185,104.45141566198716,BANKING
AXIS,2022-10-27,102.5984436580381,108.87438105358001,BANKING
SBI,2022-10-27,102.22503304633813,107.63641900313527,BANKING
HDFC,2022-10-28,99.99694654384629,104.29484520098806,BANKING
ICICI,2022-10-28,102.16795480744973,110.02032664137549,BANKING
KOTAK,2022-10-28,101.30226727635629,105.45376742471367,BANKING
AXIS,2022-10-28,102.37944678882947,108.28275869261063,BANKING
SBI,2022-10-28,101.89044004113416,106.64267953492225,BANKING
HDFC,2022-10-31,100.27510259189982,105.19323944897997,BANKING
ICICI,2022-10-31,101.98137765181411,109.51640828903392,BANKING
KOTAK,2022-10-31,101.2285857881134,105.48295631960815,BANKING
AXIS,2022-10-31,102.25425697030047,111.30275819131994,BANKING
SBI,2022-10-31,101.75918730695662,106.17434254521731,BANKING
HDFC,2022-11-01,100.35266453963145,105.14889871085897,BANKING
ICICI,2022-11-01,101.86282613812173,108.73494416326986,BANKING
KOTAK,2022-11-01,101.14789962933958,104.7899043378812,BANKING
AXIS,2022-11-01,101.65511724734911,107.97655504074056,BANKING
SBI,2022-11-01,101.72357563611041,106.16245967785109,BANKING
HDFC,2022-11-02,100.44021385038562,105.80263183877021,BANKING
ICICI,2022-11-02,101.84943251826823,107.92721069758154,BANKING
KOTAK,2022-11-02,101.23499956137684,105.47482368811707,BANKING
AXIS,2022-11-02,101.57884730290326,107.30936956611481,BANKING
SBI,2022-11-02,101.69040027316179,104.16431466273353,BANKING
HDFC,2022-11-03,100.38154741611588,106.54275845472188,BANKING
ICICI,2022-11-03,101.94480484344075,109.4888356068695,BANKING
KOTAK,2022-11-03,101.15627489423552,105.49200504402376,BANKING
AXIS,2022-11-03,101.60737488021168,107.40093748763104,BANKING
SBI,2022-11-03,102.06633012913449,104.94162136158292,BANKING
HDFC,2022-11-04,100.1578995224139,105.25136442016236,BANKING
ICICI,2022-11-04,101.83000059957646,107.6165292059844,BANKING
KOTAK,2022-11-04,101.0734600334455,106.43868982585035,BANKING
AXIS,2022-11-04,101.62151854238054,107.42171171737147,BANKING
SBI,2022-11-04,102.2835257609881,103.38239020363353,BANKING
HDFC,2022-11-07,100.22238554030524,105.328382575174,BANKING
ICICI,2022-11-07,101.96724299449255,109.24092356530565,BANKING
KOTAK,2022-11-07,100.76268470009697,104.38834485691942,BANKING
AXIS,2022-11-07,101.63239915583661,107.21691079963011,BANKING
SBI,2022-11-07,102.82357396700526,105.55589595137043,BANKING
HDFC,2022-11-09,100.26970112195349,103.81886890528645,BANKING
ICICI,2022-11-09,101.88574319133055,107.77078425484629,BANKING
KOTAK,2022-11-09,100.94651604967937,103.56765405857047,BANKING
AXIS,2022-11-09,101.67548143235726,109.72824053259652,BANKING
SBI,2022-11-09,102.91525886033847,106.8261535819824,BANKING
HDFC,2022-11-10,100.65562420845174,101.8753701643869,BANKING
ICICI,2022-11-10,102.00224727240203,111.24559042023299,BANKING
KOTAK,2022-11-10,101.3300016815218,107.43904479440874,BANKING
AXIS,2022-11-10,101.32496644353006,108.23482503884902,BANKING
SBI,2022-11-10,102.74490868704348,108.28918669871703,BANKING
HDFC,2022-11-11,101.48403220987811,105.18704509600985,BANKING
ICICI,2022-11-11,101.65173972966434,109.9942985245378,BANKING
KOTAK,2022-11-11,100.77798926238225,103.89777455956936,BANKING
AXIS,2022-11-11,101.20855798691044,107.37502996537994,BANKING
SBI,2022-11-11,102.27508975028451,107.21645636975987,BANKING
HDFC,2022-11-14,101.56393161312869,105.70017268237629,BANKING
ICICI,2022-11-14,101.4695878043992,106.96093345970863,BANKING
KOTAK,2022-11-14,101.08069885324964,106.02939717578813,BANKING
AXIS,2022-11-14,101.22670168046942,107.10382932052022,BANKING
SBI,2022-11-14,102.02602751242046,105.11637228622789,BANKING
HDFC,2022-11-15,101.52776515183345,104.7184530661291,BANKING
ICICI,2022-11-15,101.69453631219923,108.432621636219,BANKING
KOTAK,2022-11-15,100.86836828418123,102.60937048428747,BANKING
AXIS,2022-11-15,101.28732932457564,107.81723260379472,BANKING
SBI,2022-11-15,102.20722204371992,106.19517153894691,BANKING
HDFC,2022-11-16,101.7139431361906,106.09185130317155,BANKING
ICICI,2022-11-16,101.72178456684615,107.42644133376051,BANKING
KOTAK,2022-11-16,101.48510836970932,105.55165505782657,BANKING
AXIS,2022-11-16,101.23625572437372,106.95005625151266,BANKING
SBI,2022-11-16,102.16718499881844,105.78323660783542,BANKING
HDFC,2022-11-17,101.58912804103171,105.60546869430345,BANKING
ICICI,2022-11-17,101.88449982477113,108.33243725506232,BANKING
KOTAK,2022-11-17,101.3875672774555,104.52858292354256,BANKING
AXIS,2022-11-17,101.32099412278772,107.2415026895948,BANKING
SBI,2022-11-17,102.21161650710432,105.27328622840888,BANKING
HDFC,2022-11-18,101.57437093605166,105.76090526800945,BANKING
ICICI,2022-11-18,101.92529196783407,107.54367960245631,BANKING
KOTAK,2022-11-18,101.53840938113262,105.13204343479619,BANKING
AXIS,2022-11-18,101.36008862570216,105.83649740040104,BANKING
SBI,2022-11-18,102.36085408091492,105.9601174167339,BANKING
HDFC,2022-11-21,101.52447217541228,106.14847136446346,BANKING
ICICI,2022-11-21,102.07249906869667,108.88867361766947,BANKING
KOTAK,2022-11-21,101.5426568924672,105.79856281791291,BANKING
AXIS,2022-11-21,101.62004589312542,107.86499284879221,BANKING
SBI,2022-11-21,102.36902070373948,106.26769870467432,BANKING
HDFC,2022-11-22,101.38711908936739,105.40741852741765,BANKING
ICICI,2022-11-22,102.03835866542335,108.30466733205684,BANKING
KOTAK,2022-11-22,101.38522882542757,104.60965294594459,BANKING
AXIS,2022-11-22,101.56130827786033,107.16249902069819,BANKING
SBI,2022-11-22,102.31403621681963,104.82810016439358,BANKING
HDFC,2022-11-23,101.41712260121786,105.10922224743977,BANKING
ICICI,2022-11-23,102.08295878805227,108.58601717083035,BANKING
KOTAK,2022-11-23,101.5163486174593,106.67147551282085,BANKING
AXIS,2022-11-23,101.61291293369933,108.08877956708808,BANKING
SBI,2022-11-23,102.55516960970779,106.8204996892186,BANKING
HDFC,2022-11-24,101.51457956202911,106.15558500718993,BANKING
ICICI,2022-11-24,102.08961825908904,109.90154290375841,BANKING
KOTAK,2022-11-24,101.14805299256098,106.08502859051215,BANKING
AXIS,2022-11-24,101.51907203041493,106.77564151437518,BANKING
SBI,2022-11-24,102.38657512274717,106.4303918409612,BANKING
HDFC,2022-11-25,101.37563578158746,106.87761758378535,BANKING
ICICI,2022-11-25,101.9191476846206,108.05686792778711,BANKING
KOTAK,2022-11-25,100.9221769909638,105.41132169419355,BANKING
AXIS,2022-11-25,101.63147822602724,107.34969891790115,BANKING
SBI,2022-11-25,102.29820326180644,106.06523240653692,BANKING
HDFC,2022-11-28,101.07455484385288,105.97968913337837,BANKING
ICICI,2022-11-28,101.99709887236457,107.81179465715617,BANKING
KOTAK,2022-11-28,100.85900658446954,105.54892817293674,BANKING
AXIS,2022-11-28,101.65367992739472,107.6548844094001,BANKING
SBI,2022-11-28,102.28478912901885,106.2756095239759,BANKING
HDFC,2022-11-29,100.97571956207712,105.62793885307052,BANKING
ICICI,2022-11-29,102.10819218638908,108.75812487871116,BANKING
KOTAK,2022-11-29,100.76272399406798,104.8177234769529,BANKING
AXIS,2022-11-29,101.6279197901398,107.31320023816502,BANKING
SBI,2022-11-29,102.22822801975998,107.57449211414385,BANKING
HDFC,2022-11-30,100.95599956606523,105.151741997259,BANKING
ICICI,2022-11-30,102.09164044251274,110.56115458282486,BANKING
KOTAK,2022-11-30,100.84277484042863,106.02088444593275,BANKING
AXIS,2022-11-30,101.6558588706413,107.49110325931917,BANKING
SBI,2022-11-30,101.90624608510758,105.42590734095432,BANKING
HDFC,2022-12-01,101.04343477137911,105.68547670923193,BANKING
ICICI,2022-12-01,101.83258170705732,109.11009190419234,BANKING
KOTAK,2022-12-01,100.63298925308763,104.7457491194315,BANKING
AXIS,2022-12-01,101.65583495560793,106.86886447651025,BANKING
SBI,2022-12-01,102.02374781685373,105.52590497420688,BANKING
HDFC,2022-12-02,101.01075886739729,105.20949540408863,BANKING
ICICI,2022-12-02,101.76876431675373,108.29009450536896,BANKING
KOTAK,2022-12-02,100.7302959261162,104.80951786166692,BANKING
AXIS,2022-12-02,101.75370934731215,108.04994034640734,BANKING
SBI,2022-12-02,102.1208705583215,104.5895122199151,BANKING
HDFC,2022-12-05,101.08522694952684,105.34286007534956,BANKING
ICICI,2022-12-05,101.81520750475379,109.64806752866534,BANKING
KOTAK,2022-12-05,100.81230166502753,105.01372733910715,BANKING
AXIS,2022-12-05,101.66583816959123,106.74413534502325,BANKING
SBI,2022-12-05,102.41069284929705,106.9497026520327,BANKING
HDFC,2022-12-06,101.12968727437762,105.14706883931449,BANKING
ICICI,2022-12-06,101.67918520037318,108.18390498092315,BANKING
KOTAK,2022-12-06,100.84506550229743,105.88300253271005,BANKING
AXIS,2022-12-06,101.78337074763068,106.22180995243463,BANKING
SBI,2022-12-06,102.21587939761766,105.88311050650071,BANKING
HDFC,2022-12-07,101.21832737388532,105.24600084563798,BANKING
ICICI,2022-12-07,101.73986595013326,107.71299422688229,BANKING
KOTAK,2022-12-07,100.66841384273924,106.0853879169651,BANKING
AXIS,2022-12-07,101.98349871821662,105.4803659260719,BANKING
SBI,2022-12-07,102.2398338386129,105.55577103492932,BANKING
HDFC,2022-12-08,101.28470692233527,104.22973226669411,BANKING
ICICI,2022-12-08,101.86398860251953,108.17360646300284,BANKING
KOTAK,2022-12-08,100.44352277936136,105.02662554672723,BANKING
AXIS,2022-12-08,102.30153200050215,107.48719868691354,BANKING
SBI,2022-12-08,102.3310238998569,104.72983099453938,BANKING
HDFC,2022-12-09,101.5812182743634,104.7654798090619,BANKING
ICICI,2022-12-09,101.92616712883637,108.58825259724327,BANKING
KOTAK,2022-12-09,100.4730653525149,106.23252602504172,BANKING
AXIS,2022-12-09,102.30212556017096,107.04463307965636,BANKING
SBI,2022-12-09,102.59247466180486,106.51524342590534,BANKING
HDFC,2022-12-12,101.75681622983365,105.86314511680827,BANKING
ICICI,2022-12-12,101.9325153403861,109.00379701960063,BANKING
KOTAK,2022-12-12,100.21341261186112,105.55591255742479,BANKING
AXIS,2022-12-12,102.37277306947172,107.46167549565445,BANKING
SBI,2022-12-12,102.4864906746391,105.9960153188863,BANKING
HDFC,2022-12-13,101.6836834429696,104.97496103053501,BANKING
ICICI,2022-12-13,101.88293253571489,110.37535663225499,BANKING
KOTAK,2022-12-13,100.11607501422928,105.17605060848163,BANKING
AXIS,2022-12-13,102.37740730494,107.92759204224359,BANKING
SBI,2022-12-13,102.48728438015303,104.9685446566404,BANKING
HDFC,2022-12-14,101.81187227665023,106.06896098161022,BANKING
ICICI,2022-12-14,101.6492892029629,108.74104802015157,BANKING
KOTAK,2022-12-14,100.1097226252787,104.43791067881052,BANKING
AXIS,2022-12-14,102.30833508421367,106.74963550135364,BANKING
SBI,2022-12-14,102.69981577123339,106.19716731391233,BANKING
HDFC,2022-12-15,101.69211538897665,104.2547521475852,BANKING
ICICI,2022-12-15,101.63510425125372,108.58391175393535,BANKING
KOTAK,2022-12-15,100.28044948347252,105.53650808689656,BANKING
AXIS,2022-12-15,102.4257383570165,107.08903225241482,BANKING
SBI,2022-12-15,102.65917480986316,107.16205736464035,BANKING
HDFC,2022-12-16,101.9841194265803,106.0619324472952,BANKING
ICICI,2022-12-16,101.64201722156163,109.0216933683605,BANKING
KOTAK,2022-12-16,100.18769335254713,105.03560933563742,BANKING
AXIS,2022-12-16,102.48943043508449,107.1865907052132,BANKING
SBI,2022-12-16,102.42032978428277,106.58310552642124,BANKING
HDFC,2022-12-19,101.86575276296034,106.04620137993354,BANKING
ICICI,2022-12-19,101.5901751515644,107.9993446373536,BANKING
KOTAK,2022-12-19,100.21500611743909,105.51559090007994,BANKING
AXIS,2022-12-19,102.53768513480796,107.00354822400934,BANKING
SBI,2022-12-19,102.30060770009135,105.82719934710272,BANKING
HDFC,2022-12-20,101.75108455203387,105.49402446359976,BANKING
ICICI,2022-12-20,101.67560691740483,109.69975512484142,BANKING
KOTAK,2022-12-20,100.12731654688542,105.83033621099861,BANKING
AXIS,2022-12-20,102.61501851264482,108.21176891895959,BANKING
SBI,2022-12-20,102.33606577220061,106.7463776383767,BANKING
HDFC,2022-12-21,101.76156000999359,105.48854264757442,BANKING
ICICI,2022-12-21,101.53284767214762,108.38669065536172,BANKING
KOTAK,2022-12-21,99.96449568996043,104.22964640729886,BANKING
AXIS,2022-12-21,102.50077787314595,108.33059244557829,BANKING
SBI,2022-12-21,102.18300433146482,105.64435763119506,BANKING
HDFC,2022-12-22,101.77327931647652,104.64483711602169,BANKING
ICICI,2022-12-22,101.56621686693583,108.10773839264708,BANKING
KOTAK,2022-12-22,100.18497794707172,103.73537097840683,BANKING
AXIS,2022-12-22,102.36787772451048,107.17926801303962,BANKING
SBI,2022-12-22,102.25595090778819,107.38158001011267,BANKING
HDFC,2022-12-23,101.97665911277824,104.71629856178879,BANKING
ICICI,2022-12-23,101.63706278819478,108.10844879410485,BANKING
KOTAK,2022-12-23,100.52508155004297,106.62551438114072,BANKING
AXIS,2022-12-23,102.41723534956604,106.4206098656947,BANKING
SBI,2022-12-23,101.97323044019203,103.49749414703595,BANKING
HDFC,2022-12-26,102.16415143009263,106.10070809048362,BANKING
ICICI,2022-12-26,101.70786261203365,108.4264665224777,BANKING
KOTAK,2022-12-26,100.17135694758655,105.37207519439,BANKING
AXIS,2022-12-26,102.58701381544661,107.72806097581612,BANKING
SBI,2022-12-26,102.48784424259667,105.86367240000867,BANKING
HDFC,2022-12-27,102.03677345250001,105.56631671602503,BANKING
ICICI,2022-12-27,101.7359418776808,108.79254654123866,BANKING
KOTAK,2022-12-27,100.11805115442912,105.14041281735176,BANKING
AXIS,2022-12-27,102.5494170245353,108.13796651002778,BANKING
SBI,2022-12-27,102.51586188929694,106.07944233914577,BANKING
HDFC,2022-12-28,102.03084763245654,105.20888080623514,BANKING
ICICI,2022-12-28,101.71482607407079,107.90028036099136,BANKING
KOTAK,2022-12-28,100.12023444230647,105.55567509653852,BANKING
AXIS,2022-12-28,102.44692702057837,106.90599310440217,BANKING
SBI,2022-12-28,102.49949699823122,104.72234480600653,BANKING
HDFC,2022-12-29,102.10620763236157,105.87829455042937,BANKING
ICICI,2022-12-29,101.81369782308562,110.31291619245712,BANKING
KOTAK,2022-12-29,100.02304411767525,104.30490171730872,BANKING
AXIS,2022-12-29,102.53967075164988,107.15791873716299,BANKING
SBI,2022-12-29,102.76292580917739,105.27689760555592,BANKING
HDFC,2022-12-30,102.02938342981312,106.02106093014913,BANKING
ICICI,2022-12-30,101.58857359578414,107.72385152054588,BANKING
KOTAK,2022-12-30,100.2255707899396,105.7164878190843,BANKING
AXIS,2022-12-30,102.59249946313142,107.20619148225813,BANKING
SBI,2022-12-30,102.91222149834118,106.69627953971266,BANKING
HDFC,2023-01-02,101.92023177506826,105.07499121932035,BANKING
ICICI,2023-01-02,101.71105107892424,109.00134455715049,BANKING
KOTAK,2023-01-02,100.08980772011796,104.93905296803213,BANKING
AXIS,2023-01-02,102.63769059759656,105.7629448157058,BANKING
SBI,2023-01-02,102.76861374731982,106.14737729773323,BANKING
HDFC,2023-01-03,102.02595857978142,106.3087301410304,BANKING
ICICI,2023-01-03,101.66190520009971,107.70928759935752,BANKING
KOTAK,2023-01-03,100.14023293699049,104.80391439991111,BANKING
AXIS,2023-01-03,102.912658546185,107.01443400699871,BANKING
SBI,2023-01-03,102.7382058131119,106.12627874196156,BANKING
HDFC,2023-01-04,101.85162008916052,105.90643271093084,BANKING
ICICI,2023-01-04,101.78643174914275,110.91326903595122,BANKING
KOTAK,2023-01-04,100.22310297235929,104.9167909247631,BANKING
AXIS,2023-01-04,102.98853994880686,107.97355945263996,BANKING
SBI,2023-01-04,102.71215399728912,105.75552363216819,BANKING
HDFC,2023-01-05,101.76861404656073,105.12848322211771,BANKING
ICICI,2023-01-05,101.48106327621291,108.97358686466178,BANKING
KOTAK,2023-01-05,100.27893892879817,106.15847924749762,BANKING
AXIS,2023-01-05,102.91174587136932,107.73828718902308,BANKING
SBI,2023-01-05,102.76253943243842,105.99788479553243,BANKING
HDFC,2023-01-06,101.86203460437771,106.6986241670065,BANKING
ICICI,2023-01-06,101.43574622534685,109.74601426809991,BANKING
KOTAK,2023-01-06,100.03746388193088,105.10423758005786,BANKING
AXIS,2023-01-06,102.87240406311327,106.92646406981514,BANKING
SBI,2023-01-06,102.76294978355068,106.16356117640956,BANKING
HDFC,2023-01-09,101.59989467257651,106.34547769662134,BANKING
ICICI,2023-01-09,101.28714286285502,109.02712041659973,BANKING
KOTAK,2023-01-09,100.04830445463558,105.03065483441901,BANKING
AXIS,2023-01-09,102.96227102186194,107.18322624955064,BANKING
SBI,2023-01-09,102.72920846466948,106.96148819222113,BANKING
HDFC,2023-01-10,101.41799739240747,104.00760441349288,BANKING
ICICI,2023-01-10,101.23475638823027,107.86685360739679,BANKING
KOTAK,2023-01-10,100.07676578300631,104.74132737585387,BANKING
AXIS,2023-01-10,103.01128447960923,107.6231758629712,BANKING
SBI,2023-01-10,102.53136899879081,105.66804032551774,BANKING
HDFC,2023-01-11,101.76539536605748,104.79094183122268,BANKING
ICICI,2023-01-11,101.3376406482743,109.14167877280593,BANKING
KOTAK,2023-01-11,100.17459536088226,106.08395341272862,BANKING
AXIS,2023-01-11,102.99022843739277,108.63281899825759,BANKING
SBI,2023-01-11,102.59968513219457,106.08438608407579,BANKING
HDFC,2023-01-12,101.93552066099838,106.01699622997958,BANKING
ICICI,2023-01-12,101.26991039817767,107.57885742663439,BANKING
KOTAK,2023-01-12,99.95114973848159,105.6005596956505,BANKING
AXIS,2023-01-12,102.8087129282148,108.10118669998316,BANKING
SBI,2023-01-12,102.58228940615233,105.7061344455324,BANKING
HDFC,2023-01-13,101.82739032894024,106.16390469514855,BANKING
ICICI,2023-01-13,101.41145149148304,109.31971855356738,BANKING
KOTAK,2023-01-13,99.84341244636035,104.6163512186066,BANKING
AXIS,2023-01-13,102.71179908295834,109.15689327713702,BANKING
SBI,2023-01-13,102.64278835236493,105.23981447919935,BANKING
HDFC,2023-01-16,101.68613665254074,104.94060780039615,BANKING
ICICI,2023-01-16,101.31985797762275,109.6499024764186,BANKING
KOTAK,2023-01-16,99.97093411243772,105.29653595264668,BANKING
AXIS,2023-01-16,102.4479042083121,107.81934332778536,BANKING
SBI,2023-01-16,102.79956994571526,108.34666908291129,BANKING
HDFC,2023-01-17,101.82212947969089,104.3956275818917,BANKING
ICICI,2023-01-17,101.18425250305017,108.76787522692783,BANKING
KOTAK,2023-01-17,99.93578599354171,105.63024569759033,BANKING
AXIS,2023-01-17,102.39591138166813,107.43517954445595,BANKING
SBI,2023-01-17,102.31775341033043,106.78619346410198,BANKING
HDFC,2023-01-18,102.08238361811298,104.79429263802997,BANKING
ICICI,2023-01-18,101.16654767363546,108.7133081672889,BANKING
KOTAK,2023-01-18,99.82098344920402,106.45043266001018,BANKING
AXIS,2023-01-18,102.40474219812552,106.78570289673407,BANKING
SBI,2023-01-18,102.1565699207266,105.95844103891632,BANKING
HDFC,2023-01-19,102.25227440871069,104.03635086995745,BANKING
ICICI,2023-01-19,101.15613643058657,107.58465600764572,BANKING
KOTAK,2023-01-19,99.51127209986065,104.97804426140227,BANKING
AXIS,2023-01-19,102.51653243038851,106.93741545152477,BANKING
SBI,2023-01-19,102.16506393344098,105.24206677403096,BANKING
HDFC,2023-01-20,102.59593857303203,105.3062812939063,BANKING
ICICI,2023-01-20,101.29674148381807,109.03090258247676,BANKING
KOTAK,2023-01-20,99.5521145580488,104.55491728776033,BANKING
AXIS,2023-01-20,102.60434957881697,107.7258218299318,BANKING
SBI,2023-01-20,102.32065269279732,105.20134033739195,BANKING
HDFC,2023-01-23,102.649430254685,104.15483222736697,BANKING
ICICI,2023-01-23,101.24384445950594,108.75751046091261,BANKING
KOTAK,2023-01-23,99.69393554273911,106.31983512109713,BANKING
AXIS,2023-01-23,102.56710141077615,109.57534412407595,BANKING
SBI,2023-01-23,102.48486629082592,106.92571288313783,BANKING
HDFC,2023-01-24,102.96716497123107,107.15197225501166,BANKING
ICICI,2023-01-24,101.22751497535458,109.23859031372592,BANKING
KOTAK,2023-01-24,99.41558395655011,104.56772113715266,BANKING
AXIS,2023-01-24,102.2375992946278,108.09967029680232,BANKING
SBI,2023-01-24,102.29482657064148,108.82063197318699,BANKING
HDFC,2023-01-25,102.59884705923395,105.94579190847926,BANKING
ICICI,2023-01-25,101.14691793128247,111.91497561907408,BANKING
KOTAK,2023-01-25,99.55415652236847,105.58925880437374,BANKING
AXIS,2023-01-25,102.14146307914368,107.8976178492064,BANKING
SBI,2023-01-25,101.71908995352686,109.10360465929986,BANKING
HDFC,2023-01-27,102.50625299949434,105.90648044002891,BANKING
ICICI,2023-01-27,100.71059997479252,108.06763024713993,BANKING
KOTAK,2023-01-27,99.44953302733072,104.69928715136986,BANKING
AXIS,2023-01-27,102.07727776230081,107.88324654224212,BANKING
SBI,2023-01-27,101.08951749210584,106.49263420422356,BANKING
HDFC,2023-01-30,102.4227025709257,106.2970378330792,BANKING
ICICI,2023-01-30,100.78619282584819,107.59272592951285,BANKING
KOTAK,2023-01-30,99.55677249607352,104.97297053561955,BANKING
AXIS,2023-01-30,102.01539824218331,107.57693005256415,BANKING
SBI,2023-01-30,100.98966302509162,103.6582937210207,BANKING
HDFC,2023-01-31,102.25034447522803,103.74211837279553,BANKING
ICICI,2023-01-31,100.92520625208499,106.19776432696997,BANKING
KOTAK,2023-01-31,99.59884310920421,104.22047591457986,BANKING
AXIS,2023-01-31,102.00183798100683,108.64801938847721,BANKING
SBI,2023-01-31,101.46640917039954,109.92508398154666,BANKING
HDFC,2023-02-01,102.66150829957965,107.05347092291186,BANKING
ICICI,2023-02-01,101.25125195169333,107.26742958122543,BANKING
KOTAK,2023-02-01,99.82071375410246,104.25066076346899,BANKING
AXIS,2023-02-01,101.8196756174216,106.39283923471264,BANKING
SBI,2023-02-01,100.67348148821789,105.85269178367454,BANKING
HDFC,2023-02-02,102.31665136566757,103.450944082645,BANKING
ICICI,2023-02-02,101.43455575557384,109.42327380316516,BANKING
KOTAK,2023-02-02,100.03583845253205,105.44258535981645,BANKING
AXIS,2023-02-02,101.9928502491415,107.28975669294783,BANKING
SBI,2023-02-02,100.70322257843384,104.62600796345271,BANKING
HDFC,2023-02-03,102.79501720963611,105.46067561399438,BANKING
ICICI,2023-02-03,101.32909220625628,109.40183556527955,BANKING
KOTAK,2023-02-03,99.96575046185097,106.38598187683507,BANKING
AXIS,2023-02-03,102.02458891991898,107.06757139895373,BANKING
SBI,2023-02-03,100.9816055177839,105.3840774175884,BANKING
HDFC,2023-02-06,102.81323783977528,105.13210246148476,BANKING
ICICI,2023-02-06,101.22660210369902,108.48619157384842,BANKING
KOTAK,2023-02-06,99.67091092076268,103.49680516118507,BANKING
AXIS,2023-02-06,102.0914213493171,107.62466093237444,BANKING
SBI,2023-02-06,101.10653725997047,105.52504997958899,BANKING
HDFC,2023-02-07,102.90678700700346,106.43325228628022,BANKING
ICICI,2023-02-07,101.24655814088348,108.75121343897919,BANKING
KOTAK,2023-02-07,100.06657648049932,106.4059470217282,BANKING
AXIS,2023-02-07,102.07031900325407,108.88709645190225,BANKING
SBI,2023-02-07,101.20296064204493,106.3095167309237,BANKING
HDFC,2023-02-08,102.7025071091898,105.88314874578091,BANKING
ICICI,2023-02-08,101.23107017392807,108.5491339857706,BANKING
KOTAK,2023-02-08,99.7666882403755,104.98604204232936,BANKING
AXIS,2023-02-08,101.85045124655946,107.97283092177264,BANKING
SBI,2023-02-08,101.14012025318077,105.94058931397805,BANKING
HDFC,2023-02-09,102.62412551907374,104.91473774484241,BANKING
ICICI,2023-02-09,101.24260728471882,109.31917797358503,BANKING
KOTAK,2023-02-09,99.8057250494044,104.90747098814504,BANKING
AXIS,2023-02-09,101.77462035198525,107.36420784146418,BANKING
SBI,2023-02-09,101.15215340845648,105.47216384452584,BANKING
HDFC,2023-02-10,102.76730232652227,104.96072655952509,BANKING
ICICI,2023-02-10,101.15123843741549,108.51677057135582,BANKING
KOTAK,2023-02-10,99.86355640558949,104.63179396082617,BANKING
AXIS,2023-02-10,101.79456918370123,107.87013928805858,BANKING
SBI,2023-02-10,101.2593761936243,108.02723957578733,BANKING
HDFC,2023-02-13,102.9001238101475,105.50793752986776,BANKING
ICICI,2023-02-13,101.16709211543106,107.70963539027562,BANKING
KOTAK,2023-02-13,99.98740497884177,106.11925821625188,BANKING
AXIS,2023-02-13,101.73492160758461,107.11785437564774,BANKING
SBI,2023-02-13,100.84911572384084,106.22704738638315,BANKING
HDFC,2023-02-14,102.90752821102097,106.25185676194326,BANKING
ICICI,2023-02-14,101.2909659695899,108.4588470618149,BANKING
KOTAK,2023-02-14,99.75596987469146,104.81709601560372,BANKING
AXIS,2023-02-14,101.79364485560824,108.11196576270605,BANKING
SBI,2023-02-14,100.80316570400338,106.18516577813844,BANKING
HDFC,2023-02-15,102.74467644465524,106.03244193560931,BANKING
ICICI,2023-02-15,101.31459517223884,108.93823847841334,BANKING
KOTAK,2023-02-15,99.83537089391112,105.12619947939694,BANKING
AXIS,2023-02-15,101.69599453994205,107.91378580450306,BANKING
SBI,2023-02-15,100.76570097501882,106.42678259478738,BANKING
HDFC,2023-02-16,102.63216067992354,105.53354314749015,BANKING
ICICI,2023-02-16,101.2740794387003,108.94847325814601,BANKING
KOTAK,2023-02-16,99.84094312454678,106.1349519020287,BANKING
AXIS,2023-02-16,101.62955011083072,108.00502356758953,BANKING
SBI,2023-02-16,100.67945663658877,106.9927799646593,BANKING
HDFC,2023-02-17,102.63369191235222,105.94080741196308,BANKING
ICICI,2023-02-17,101.23221175854884,109.39775899973831,BANKING
KOTAK,2023-02-17,99.60611586768898,105.7660362503112,BANKING
AXIS,2023-02-17,101.54883269895673,107.81373452268618,BANKING
SBI,2023-02-17,100.47926777789783,106.4563035838616,BANKING
HDFC,2023-02-20,102.54220382248707,105.04922754814642,BANKING
ICICI,2023-02-20,101.13036370590922,108.24425376483572,BANKING
KOTAK,2023-02-20,99.45941783184557,105.42103127661778,BANKING
AXIS,2023-02-20,101.49817593966695,107.66661337792836,BANKING
SBI,2023-02-20,100.38732712869405,106.18461217644331,BANKING
HDFC,2023-02-21,102.6544727288555,105.99747059560706,BANKING
ICICI,2023-02-21,101.18264562638954,108.89056646087403,BANKING
KOTAK,2023-02-21,99.39485556557098,105.31488921143205,BANKING
AXIS,2023-02-21,101.47061546222348,107.27920646930882,BANKING
SBI,2023-02-21,100.3501283831151,105.85624630804868,BANKING
HDFC,2023-02-22,102.55003495960301,105.98943488005237,BANKING
ICICI,2023-02-22,101.14855001829918,108.29069362985126,BANKING
KOTAK,2023-02-22,99.35554892832205,104.59438185514702,BANKING
AXIS,2023-02-22,101.50384795270656,106.23338521200934,BANKING
SBI,2023-02-22,100.37905779037408,105.05356941321969,BANKING
HDFC,2023-02-23,102.44753521623542,106.19432408625032,BANKING
ICICI,2023-02-23,101.19463003766295,108.34781859258786,BANKING
KOTAK,2023-02-23,99.48768325495115,105.4297653826905,BANKING
AXIS,2023-02-23,101.70160251153393,106.59887812316069,BANKING
SBI,2023-02-23,100.57002358080483,105.77511276634634,BANKING
HDFC,2023-02-24,102.29849971030674,104.8545573866825,BANKING
ICICI,2023-02-24,101.23308818688302,105.90397903400742,BANKING
KOTAK,2023-02-24,99.42102651346914,103.30106251233765,BANKING
AXIS,2023-02-24,101.84207639531463,106.8601911303897,BANKING
SBI,2023-02-24,100.61540135506306,104.58245916651943,BANKING
HDFC,2023-02-27,102.45497470262292,104.57824569501936,BANKING
ICICI,2023-02-27,101.59968640024314,108.25260427948439,BANKING
KOTAK,2023-02-27,99.86265148988002,104.52132896427251,BANKING
AXIS,2023-02-27,101.94149853370625,108.06482227772648,BANKING
SBI,2023-02-27,100.90238314913039,106.35623841232054,BANKING
HDFC,2023-02-28,102.67497618301995,106.51595148302445,BANKING
ICICI,2023-02-28,101.65108903503291,109.41820448320925,BANKING
KOTAK,2023-02-28,100.01296312508299,105.09990338220865,BANKING
AXIS,2023-02-28,101.85112355954777,106.1527180123202,BANKING
SBI,2023-02-28,100.83028236715276,104.49000736763564,BANKING
HDFC,2023-03-01,102.45232221763119,105.65634034454443,BANKING
ICICI,2023-03-01,101.54607966626583,108.0887471717837,BANKING
KOTAK,2023-03-01,100.02483833926489,105.68410476859573,BANKING
AXIS,2023-03-01,102.0623095547271,108.78570032946982,BANKING
SBI,2023-03-01,101.13669260214935,105.83634618237866,BANKING
HDFC,2023-03-02,102.42583565926559,105.12303432628768,BANKING
ICICI,2023-03-02,101.6194627290369,108.4861521159561,BANKING
KOTAK,2023-03-02,99.89707613762344,105.03613317050616,BANKING
AXIS,2023-03-02,101.85839396095793,108.07569329620708,BANKING
SBI,2023-03-02,101.16988975564261,103.00260608838593,BANKING
HDFC,2023-03-03,102.52110492482093,105.49927803398408,BANKING
ICICI,2023-03-03,101.63950151461249,109.50924743886557,BANKING
KOTAK,2023-03-03,99.92418441266537,105.74165839123086,BANKING
AXIS,2023-03-03,101.7663836020011,107.37902514024641,BANKING
SBI,2023-03-03,101.78203220244826,106.50589114856176,BANKING
HDFC,2023-03-06,102.53045977168688,105.58433444743984,BANKING
ICICI,2023-03-06,101.52230667342796,108.33803452817766,BANKING
KOTAK,2023-03-06,99.78282892698162,105.91357550629102,BANKING
AXIS,2023-03-06,101.78399842682256,107.55122602096844,BANKING
SBI,2023-03-06,101.67879158840523,105.72885742511129,BANKING
HDFC,2023-03-08,102.520391198226,104.56535110700256,BANKING
ICICI,2023-03-08,101.5622025394155,109.71353734980039,BANKING
KOTAK,2023-03-08,99.60076559421739,105.526442921791,BANKING
AXIS,2023-03-08,101.7745132906624,106.07057786965663,BANKING
SBI,2023-03-08,101.73411634486733,106.10337176184154,BANKING
HDFC,2023-03-09,102.74349035078515,107.20011700764765,BANKING
ICICI,2023-03-09,101.41775864001035,109.27159361912287,BANKING
KOTAK,2023-03-09,99.5110321781635,105.15753491188883,BANKING
AXIS,2023-03-09,101.99852169634664,108.1860408731545,BANKING
SBI,2023-03-09,101.71299315280521,106.94567440320854,BANKING
HDFC,2023-03-10,102.36503467718721,105.31106712366702,BANKING
ICICI,2023-03-10,101.33259573630481,108.87389900347077,BANKING
KOTAK,2023-03-10,99.50912590618812,105.15813702265467,BANKING
AXIS,2023-03-10,101.88901612452094,108.16934226070313,BANKING
SBI,2023-03-10,101.5203259455228,107.49586937079646,BANKING
HDFC,2023-03-13,102.41731366236274,105.14771138398086,BANKING
ICICI,2023-03-13,101.30067929295265,107.62574477538332,BANKING
KOTAK,2023-03-13,99.50707633274222,105.93563002243665,BANKING
AXIS,2023-03-13,101.78225326644299,106.90889132585428,BANKING
SBI,2023-03-13,101.21649152293286,106.1910812869532,BANKING
HDFC,2023-03-14,102.50693553207128,106.59743208625137,BANKING
ICICI,2023-03-14,101.43597174763582,108.77182669479616,BANKING
KOTAK,2023-03-14,99.32028517434009,103.84418896564553,BANKING
AXIS,2023-03-14,101.87393834167737,108.01999737713773,BANKING
SBI,2023-03-14,101.17767265181612,106.92950816178615,BANKING
HDFC,2023-03-15,102.26612639028052,104.95850552555012,BANKING
ICICI,2023-03-15,101.41769356832656,109.00350741555106,BANKING
KOTAK,2023-03-15,99.63142731356574,105.34701338644115,BANKING
AXIS,2023-03-15,101.79067197931805,106.91081739965186,BANKING
SBI,2023-03-15,100.98928922726412,104.92824846122973,BANKING
HDFC,2023-03-16,102.39880735257535,104.8636955459073,BANKING
ICICI,2023-03-16,101.36839994921688,107.70008556893845,BANKING
KOTAK,2023-03-16,99.58437660667634,104.18462619610156,BANKING
AXIS,2023-03-16,101.88206094869624,107.36741799862634,BANKING
SBI,2023-03-16,101.20691447180684,105.71262681917324,BANKING
HDFC,2023-03-17,102.55334522648394,105.58204592365581,BANKING
ICICI,2023-03-17,101.49380225903093,107.85238839555593,BANKING
KOTAK,2023-03-17,99.81479500605718,104.2193347372316,BANKING
AXIS,2023-03-17,101.90152494522162,106.93426087074457,BANKING
SBI,2023-03-17,101.26528227092751,107.17184573459998,BANKING
HDFC,2023-03-20,102.54379705453016,105.09709541375607,BANKING
ICICI,2023-03-20,101.59889319726052,107.25236570648696,BANKING
KOTAK,2023-03-20,100.03742044393017,105.39710584273769,BANKING
AXIS,2023-03-20,101.98931316245601,106.29472743502069,BANKING
SBI,2023-03-20,101.02770057141774,106.16127216812423,BANKING
HDFC,2023-03-21,102.64511187204982,106.04815997319643,BANKING
ICICI,2023-03-21,101.78485552085417,107.87194251881596,BANKING
KOTAK,2023-03-21,99.9782020081785,105.47076524992816,BANKING
AXIS,2023-03-21,102.17830325431584,108.29243010802563,BANKING
SBI,2023-03-21,100.99499273124299,106.2690424864242,BANKING
HDFC,2023-03-22,102.52911957603456,105.91972803601645,BANKING
ICICI,2023-03-22,101.88761320149658,108.7710895551165,BANKING
KOTAK,2023-03-22,99.90142392213356,106.09879976539855,BANKING
AXIS,2023-03-22,102.05183517534155,107.20877995246512,BANKING
SBI,2023-03-22,100.94047423297167,107.06752078762757,BANKING
HDFC,2023-03-23,102.44253020244837,104.90574878055682,BANKING
ICICI,2023-03-23,101.86935281917633,108.14398964793315,BANKING
KOTAK,2023-03-23,99.67505517797346,103.80247349496132,BANKING
AXIS,2023-03-23,102.09637934999486,107.72391330199652,BANKING
SBI,2023-03-23,100.72469040802059,106.56843416187279,BANKING
HDFC,2023-03-24,102.5875104814974,105.33817047505507,BANKING
ICICI,2023-03-24,101.93552522512327,109.42845266787842,BANKING
KOTAK,2023-03-24,99.99731984199884,104.6747515991672,BANKING
AXIS,2023-03-24,102.0596166556544,108.3403765148801,BANKING
SBI,2023-03-24,100.60990882004957,105.40920461741788,BANKING
HDFC,2023-03-27,102.63370407400879,104.49013128773753,BANKING
ICICI,2023-03-27,101.82884488115648,107.56505801893829,BANKING
KOTAK,2023-03-27,100.1110328198091,105.30232566430968,BANKING
AXIS,2023-03-27,101.92574855187175,107.41462633173354,BANKING
SBI,2023-03-27,100.72929569040302,106.16965462376909,BANKING
HDFC,2023-03-28,102.87432294734543,105.83069698978292,BANKING
ICICI,2023-03-28,101.97302867217222,110.04376524822692,BANKING
KOTAK,2023-03-28,100.07444975258825,104.66565028230401,BANKING
AXIS,2023-03-28,101.93777863619457,107.11494874810354,BANKING
SBI,2023-03-28,100.69499131399277,105.25851267001288,BANKING
HDFC,2023-03-29,102.80781191938614,105.81102731071961,BANKING
ICICI,2023-03-29,101.78366172478411,106.970567582208,BANKING
KOTAK,2023-03-29,100.1904344933106,105.99366187698779,BANKING
AXIS,2023-03-29,101.99707748426943,107.28405173062254,BANKING
SBI,2023-03-29,100.84500832905638,106.19112810385839,BANKING
HDFC,2023-03-31,102.7458424006737,105.70480292603669,BANKING
ICICI,2023-03-31,102.0080053829638,108.01507166076706,BANKING
KOTAK,2023-03-31,99.9885044984381,104.68409374520286,BANKING
AXIS,2023-03-31,102.02971776075081,107.08438701995335,BANKING
SBI,2023-03-31,100.80632246407214,105.7038114239413,BANKING
HDFC,2023-04-03,102.70819619752447,103.72705410112343,BANKING
ICICI,2023-04-03,102.09166570817885,109.60602455409646,BANKING
KOTAK,2023-04-03,100.09996763015629,105.64848749884575,BANKING
AXIS,2023-04-03,102.09389732371915,108.64262918623663,BANKING
SBI,2023-04-03,100.86624446290826,107.36580691268341,BANKING
HDFC,2023-04-05,103.100860571643,105.0327584174406,BANKING
ICICI,2023-04-05,101.9589518925357,110.15827218235096,BANKING
KOTAK,2023-04-05,99.9843274308458,105.10661159814832,BANKING
AXIS,2023-04-05,101.91039279091933,108.49830234783589,BANKING
SBI,2023-04-05,100.59095663214427,105.45972570555955,BANKING
HDFC,2023-04-03,98.48799394260756,99.93585285376837,BANKING
ICICI,2023-04-03,101.90206808626832,103.27450838362391,BANKING
KOTAK,2023-04-03,99.95483705604325,103.79375230687124,BANKING
AXIS,2023-04-03,102.52359135742351,103.560870116811,BANKING
SBI,2023-04-03,101.06733166542234,103.69434612959856,BANKING
HDFC,2023-04-05,100.9576093375202,101.54087439393997,BANKING
ICICI,2023-04-05,101.13930050609018,103.8910085970931,BANKING
KOTAK,2023-04-05,99.77971618119506,103.39651270327037,BANKING
AXIS,2023-04-05,101.4289707165685,103.41127367051017,BANKING
SBI,2023-04-05,100.03598878179385,101.89189624278931,BANKING
HDFC,2023-04-06,101.70451799686508,103.05350627396777,BANKING
ICICI,2023-04-06,99.9136456578996,103.3611771654177,BANKING
KOTAK,2023-04-06,99.79761148646548,103.44386231817478,BANKING
AXIS,2023-04-06,100.46327511139442,102.86159522813509,BANKING
SBI,2023-04-06,100.44397790177608,102.71618121548437,BANKING
HDFC,2023-04-10,100.81845218167871,102.58192057166887,BANKING
ICICI,2023-04-10,99.10042196275259,101.12423562426733,BANKING
KOTAK,2023-04-10,99.79249643550503,100.63916065468028,BANKING
AXIS,2023-04-10,99.93579303091529,102.05174439948735,BANKING
SBI,2023-04-10,100.19244869805749,101.97476596908169,BANKING
HDFC,2023-04-11,100.4408813067528,101.19238472273662,BANKING
ICICI,2023-04-11,99.99435061649619,101.7848230907737,BANKING
KOTAK,2023-04-11,101.16904988957265,103.85943876790506,BANKING
AXIS,2023-04-11,100.04659099667877,102.94745341260719,BANKING
SBI,2023-04-11,100.53437692747328,103.38711637659148,BANKING
HDFC,2023-04-12,101.564247549333,101.75303174414695,BANKING
ICICI,2023-04-12,100.38348516408732,101.21676080664935,BANKING
KOTAK,2023-04-12,100.95956479878248,102.57968683451705,BANKING
AXIS,2023-04-12,99.45432047484258,100.77032733813357,BANKING
SBI,2023-04-12,99.75033272139422,101.76524736507757,BANKING
HDFC,2023-04-13,102.08295060799944,103.37238479714266,BANKING
ICICI,2023-04-13,101.21655804708192,101.17367753455184,BANKING
KOTAK,2023-04-13,101.38099714823264,102.05953391846016,BANKING
AXIS,2023-04-13,100.58198907852118,101.50337764107141,BANKING
SBI,2023-04-13,100.25881274855897,100.24739544310417,BANKING
HDFC,2023-04-17,100.85358038171158,102.442678900928,BANKING
ICICI,2023-04-17,102.09053738992458,102.56721184929106,BANKING
KOTAK,2023-04-17,102.06378795985985,103.499862409665,BANKING
AXIS,2023-04-17,101.13126690362893,102.06949600748577,BANKING
SBI,2023-04-17,102.01075037164902,101.91968409573839,BANKING
HDFC,2023-04-18,100.6247511732832,101.4319202918006,BANKING
ICICI,2023-04-18,101.87452039690271,102.6725808700145,BANKING
KOTAK,2023-04-18,102.03073470416594,103.39637255542874,BANKING
AXIS,2023-04-18,101.22920537603723,100.83211613929838,BANKING
SBI,2023-04-18,102.40401198541036,103.03212399580423,BANKING
HDFC,2023-04-19,101.488001396284,101.77983544002137,BANKING
ICICI,2023-04-19,101.577096442375,101.99465021798048,BANKING
KOTAK,2023-04-19,102.04910338246036,103.4876885505873,BANKING
AXIS,2023-04-19,102.32657935557343,102.75008938315557,BANKING
SBI,2023-04-19,101.8915398064634,101.76586426792382,BANKING
HDFC,2023-04-20,102.88416776576712,106.4684019843823,BANKING
ICICI,2023-04-20,101.99263908904716,108.78128924278423,BANKING
KOTAK,2023-04-20,101.48691542086486,104.65049575242521,BANKING
AXIS,2023-04-20,101.8717707276232,107.9139368459416,BANKING
SBI,2023-04-20,101.10199178840534,105.86738853002105,BANKING
HDFC,2023-04-21,102.91992760905173,106.5073537844989,BANKING
ICICI,2023-04-21,101.81008890284295,105.87066544641982,BANKING
KOTAK,2023-04-21,101.60525474365905,105.58315144033432,BANKING
AXIS,2023-04-21,101.80318204222408,106.31358398902583,BANKING
SBI,2023-04-21,101.04484646127067,104.39385593215772,BANKING
HDFC,2023-04-24,102.94859609005627,108.55109844959121,BANKING
ICICI,2023-04-24,102.08223238652273,106.63332391606578,BANKING
KOTAK,2023-04-24,101.49339713286399,105.65631886331184,BANKING
AXIS,2023-04-24,101.98736187405594,107.97698589875061,BANKING
SBI,2023-04-24,101.31421589758116,104.61319528335714,BANKING
HDFC,2023-04-25,102.60581356077084,106.41603988808369,BANKING
ICICI,2023-04-25,102.23533582863323,107.7138952385614,BANKING
KOTAK,2023-04-25,101.36365671025331,105.88691674489797,BANKING
AXIS,2023-04-25,101.90874654349098,106.80555637861075,BANKING
SBI,2023-04-25,101.53544205255982,105.12031591042006,BANKING
HDFC,2023-04-26,102.65099852976456,106.68731036126758,BANKING
ICICI,2023-04-26,102.21920183817905,107.84883387935636,BANKING
KOTAK,2023-04-26,101.17744802958603,104.18914008596694,BANKING
AXIS,2023-04-26,102.01521247371292,108.54612113024807,BANKING
SBI,2023-04-26,101.64411545690807,106.35492237360252,BANKING
HDFC,2023-04-27,102.64687116447503,107.1887568121347,BANKING
ICICI,2023-04-27,102.18195056108989,108.70566729865705,BANKING
KOTAK,2023-04-27,101.40927155398187,104.47952634134535,BANKING
AXIS,2023-04-27,101.84683235669796,110.18390390109163,BANKING
SBI,2023-04-27,101.47846840801436,104.26023751612422,BANKING
HDFC,2023-04-28,102.55168112253823,107.22891229590493,BANKING
ICICI,2023-04-28,102.01085835204239,107.57817926954795,BANKING
KOTAK,2023-04-28,101.56977587126772,106.37102187242489,BANKING
AXIS,2023-04-28,101.4217828030585,106.85141369455013,BANKING
SBI,2023-04-28,101.77883081868515,106.46964032417553,BANKING
HDFC,2023-05-02,102.44930084944092,105.87494216617904,BANKING
ICICI,2023-05-02,102.01596677811519,107.13060579607595,BANKING
KOTAK,2023-05-02,101.26425842047671,104.36179100985919,BANKING
AXIS,2023-05-02,101.5205191160722,108.23268013251982,BANKING
SBI,2023-05-02,101.58750538768312,106.06324626380284,BANKING
HDFC,2023-05-03,102.5927670333173,105.34083702513533,BANKING
ICICI,2023-05-03,102.09107938325124,108.8544218676214,BANKING
KOTAK,2023-05-03,101.45361062809371,105.18056164087096,BANKING
AXIS,2023-05-03,101.4021208957597,107.64548128482191,BANKING
SBI,2023-05-03,101.48661667904672,104.96263951593966,BANKING
