Symbol,Date,RS,RM,Sector,symbol,name,price,volume,%chg
INFOSYS,2022-03-02,102.73668485130817,105.56977923483407,IT,INFY.NS,INFOSYS LIMITED,1422.35,6948465,-0.08
TCS,2022-03-02,102.47561821985795,106.58800617863619,IT,TCS.NS,Tata Consultancy Services Limited,3220.70,1703464,-0.65
WIPRO,2022-03-02,102.89899538384184,111.64337395150719,IT,WIPRO.NS,Wipro Limited,366.65,3214807,-0.58
MAHINDRA,2022-03-02,98.91357071248962,112.50707109441454,IT,TECHM.NS,Tech Mahindra Limited,1092.75,1355815,-0.94
SONATA,2022-03-02,100.86616759278176,106.00442988180787,IT,SONATSOFTW.NS,Sonata Software Limited,865.60,1189546,2.70
INFOSYS,2022-03-03,102.99021432615937,105.5661198230777,IT
TCS,2022-03-03,102.57836360249671,106.19286222182075,IT
WIPRO,2022-03-03,103.15667162818534,112.30149990100512,IT
MAHINDRA,2022-03-03,98.84228890572466,112.99508699478527,IT
SONATA,2022-03-03,101.11768012129356,107.04865350714316,IT
INFOSYS,2022-03-04,103.24498561059953,104.01975007958453,IT
TCS,2022-03-04,102.74616327798644,105.88906198296266,IT
WIPRO,2022-03-04,103.36759146060297,113.14547062791443,IT
MAHINDRA,2022-03-04,98.72588763647384,113.48695983047736,IT
SONATA,2022-03-04,101.20835197010973,106.85712023171783,IT
INFOSYS,2022-03-07,103.76206536257023,105.92303408472702,IT
TCS,2022-03-07,102.96431189436504,104.74613596279022,IT
WIPRO,2022-03-07,103.51809475838611,113.14821853730186,IT
MAHINDRA,2022-03-07,98.56419097079407,111.48720466720047,IT
SONATA,2022-03-07,101.32870981801472,107.67239737449573,IT
INFOSYS,2022-03-08,103.95823443554028,107.17160627224115,IT
TCS,2022-03-08,103.37214683499307,108.45435301065413,IT
WIPRO,2022-03-08,103.66861890143083,118.08220386613047,IT
MAHINDRA,2022-03-08,98.58742755513404,110.3786924351989,IT
SONATA,2022-03-08,101.3231660497617,107.61185650054951,IT
INFOSYS,2022-03-09,103.94324395276728,107.85880805485513,IT
TCS,2022-03-09,103.16775397813937,109.17351614459159,IT
WIPRO,2022-03-09,103.4640314954971,116.46604744727728,IT
MAHINDRA,2022-03-09,98.71335885868027,112.2299836991117,IT
SONATA,2022-03-09,101.32697114132063,107.80804306489787,IT
INFOSYS,2022-03-10,103.81221429092099,107.48279070975697,IT
TCS,2022-03-10,102.8457913683437,108.07675651984425,IT
WIPRO,2022-03-10,103.37574110644074,115.89334525408259,IT
MAHINDRA,2022-03-10,98.66785351243361,112.12127327071865,IT
SONATA,2022-03-10,101.30048690567473,109.24302303847519,IT
INFOSYS,2022-03-11,103.74473221453171,104.95545593519778,IT
TCS,2022-03-11,102.7042962013431,107.4527066942385,IT
WIPRO,2022-03-11,103.32862142250768,114.56148074790545,IT
MAHINDRA,2022-03-11,98.63242448481222,111.88863716607703,IT
SONATA,2022-03-11,101.05306855455285,107.895574305037,IT
INFOSYS,2022-03-14,104.10504871247926,108.51460907756037,IT
TCS,2022-03-14,102.66524876791398,107.33479112162917,IT
WIPRO,2022-03-14,103.37717670447515,115.84353738330843,IT
MAHINDRA,2022-03-14,98.61852538106461,109.89781624960776,IT
SONATA,2022-03-14,101.01318421662918,107.76538335096318,IT
INFOSYS,2022-03-15,103.86314547054839,106.30146216801305,IT
TCS,2022-03-15,102.64555267130139,107.36823203252074,IT
WIPRO,2022-03-15,103.33363202251795,115.32784629354236,IT
MAHINDRA,2022-03-15,98.78912394795898,111.85934929167314,IT
SONATA,2022-03-15,100.99334634697135,108.00486369876442,IT
INFOSYS,2022-03-16,103.99536102069433,110.515720301499,IT
TCS,2022-03-16,102.62037682750714,108.62978365046243,IT
WIPRO,2022-03-16,103.32712557080416,116.77103631127707,IT
MAHINDRA,2022-03-16,98.7779166550456,111.31130386280363,IT
SONATA,2022-03-16,100.93668013006237,107.26686986575682,IT
INFOSYS,2022-03-17,103.41782122250346,106.25449981112354,IT
TCS,2022-03-17,102.38882005926062,107.50047130130876,IT
WIPRO,2022-03-17,103.21709056098825,114.33310602897927,IT
MAHINDRA,2022-03-17,98.81751574067209,111.94365085540764,IT
SONATA,2022-03-17,100.99357221925962,107.06726643333872,IT
INFOSYS,2022-03-21,103.55739172540413,106.44699434489736,IT
TCS,2022-03-21,102.34208300282039,106.30749823990506,IT
WIPRO,2022-03-21,103.281995205623,114.64455468976766,IT
MAHINDRA,2022-03-21,98.79849177702086,112.19208877028304,IT
SONATA,2022-03-21,101.08126286526759,108.50024472173268,IT
INFOSYS,2022-03-22,103.66464355057765,107.44804397744598,IT
TCS,2022-03-22,102.4906879819549,106.47213965927706,IT
WIPRO,2022-03-22,103.32455978444652,114.54735950875154,IT
MAHINDRA,2022-03-22,98.75645674440115,112.28406123932213,IT
SONATA,2022-03-22,100.94837634180041,106.80353173028645,IT
INFOSYS,2022-03-23,103.60310997614148,106.25327883887788,IT
TCS,2022-03-23,102.612469101287,106.02243100506863,IT
WIPRO,2022-03-23,103.37412824371845,115.20633568929169,IT
MAHINDRA,2022-03-23,98.70592581639748,112.2254032351677,IT
SONATA,2022-03-23,101.07668984359105,108.16583240672217,IT
INFOSYS,2022-03-24,103.74313688561925,107.20750115292071,IT
TCS,2022-03-24,102.80837367149411,107.9844138923727,IT
WIPRO,2022-03-24,103.37634940060082,116.14586944092788,IT
MAHINDRA,2022-03-24,98.66084769594913,111.59345393611844,IT
SONATA,2022-03-24,100.99521444393393,107.9125267131942,IT
INFOSYS,2022-03-25,103.7221214465765,107.58757317694617,IT
TCS,2022-03-25,102.68206317137265,107.62806091774989,IT
WIPRO,2022-03-25,103.31110493717676,116.30567894069135,IT
MAHINDRA,2022-03-25,98.67426835195889,111.64501924489636,IT
SONATA,2022-03-25,100.95274575038927,108.14586277134306,IT
INFOSYS,2022-03-28,103.63704309082345,107.04065620502146,IT
TCS,2022-03-28,102.61427733229591,107.90447582315326,IT
WIPRO,2022-03-28,103.2344421134679,115.48486754548765,IT
MAHINDRA,2022-03-28,98.6829159276183,111.77194924983013,IT
SONATA,2022-03-28,100.87443783701059,108.22485054230145,IT
INFOSYS,2022-03-29,103.64417544380474,107.12567007415718,IT
TCS,2022-03-29,102.50128448096578,107.51452120637208,IT
WIPRO,2022-03-29,103.21667784439671,116.69355039604876,IT
MAHINDRA,2022-03-29,98.67981158362066,110.94611281000147,IT
SONATA,2022-03-29,100.78406768855021,108.83145606169705,IT
INFOSYS,2022-03-30,103.63697396987753,106.76377951232897,IT
TCS,2022-03-30,102.4521966175199,106.78228684382637,IT
WIPRO,2022-03-30,103.11230779060551,116.70449584980003,IT
MAHINDRA,2022-03-30,98.75322079010044,110.78778662937877,IT
SONATA,2022-03-30,100.60085760833095,107.61360676932445,IT
INFOSYS,2022-03-31,103.69081517177742,108.32699471139539,IT
TCS,2022-03-31,102.52305322880474,107.90977332138316,IT
WIPRO,2022-03-31,103.0072604271294,114.68945097681362,IT
MAHINDRA,2022-03-31,98.84137795029184,111.06855258461121,IT
SONATA,2022-03-31,100.60436720523975,107.4446296242515,IT
INFOSYS,2022-04-01,103.48138534952317,110.0208140417594,IT
TCS,2022-04-01,102.4092947377233,109.10267658059983,IT
WIPRO,2022-04-01,103.04649488865728,116.93135322978586,IT
MAHINDRA,2022-04-01,98.90353726982141,112.41088413274005,IT
SONATA,2022-04-01,100.63379373405618,107.69694012063448,IT
INFOSYS,2022-04-04,102.98915900768408,107.6487224828269,IT
TCS,2022-04-04,102.10122250975611,105.46721035220118,IT
WIPRO,2022-04-04,102.9253022036488,114.91329323740445,IT
MAHINDRA,2022-04-04,98.84117617122803,111.28112631098335,IT
SONATA,2022-04-04,100.62452443416376,107.00914455133804,IT
INFOSYS,2022-04-05,102.89445436005941,107.89034608346827,IT
TCS,2022-04-05,102.38717819647,107.97074573055806,IT
WIPRO,2022-04-05,102.94848253339215,115.35034219564648,IT
MAHINDRA,2022-04-05,98.88360145826401,111.8475764229249,IT
SONATA,2022-04-05,100.72082421130239,106.66255202934924,IT
INFOSYS,2022-04-06,102.75948114909217,107.11151062214769,IT
TCS,2022-04-06,102.2636163281806,108.20355516401004,IT
WIPRO,2022-04-06,102.94039088839017,116.58081889537043,IT
MAHINDRA,2022-04-06,98.87347543800276,110.82732483925173,IT
SONATA,2022-04-06,100.87054884976479,107.27545885177958,IT
INFOSYS,2022-04-07,102.75470794102716,107.62788388517073,IT
TCS,2022-04-07,102.10225958390083,108.0042280871248,IT
WIPRO,2022-04-07,102.84435029373485,115.60687245220115,IT
MAHINDRA,2022-04-07,98.95806575748013,110.70987780033786,IT
SONATA,2022-04-07,100.92608180726131,107.2045658918088,IT
INFOSYS,2022-04-08,102.66369607551454,108.88345308606327,IT
TCS,2022-04-08,101.97359137854558,106.2923524315291,IT
WIPRO,2022-04-08,102.81793577926275,116.93248020034294,IT
MAHINDRA,2022-04-08,99.05365265937692,111.43765639021655,IT
SONATA,2022-04-08,100.99256291069568,106.81870683362577,IT
INFOSYS,2022-04-11,102.36386160993601,107.55788496706461,IT
TCS,2022-04-11,102.12413690416945,106.52123598084013,IT
WIPRO,2022-04-11,102.6969315543337,116.71266132201877,IT
MAHINDRA,2022-04-11,99.08161176126883,111.03523268989034,IT
SONATA,2022-04-11,101.1185909976469,108.00462260047104,IT
INFOSYS,2022-04-12,102.28483344283728,106.51373364529039,IT
TCS,2022-04-12,102.23745080488901,107.70702532473321,IT
WIPRO,2022-04-12,102.59172570777419,114.80794966565169,IT
MAHINDRA,2022-04-12,99.14702359251913,111.22495240377903,IT
SONATA,2022-04-12,101.0618916209306,107.34837814971038,IT
INFOSYS,2022-04-13,102.37964007137275,111.99053630652094,IT
TCS,2022-04-13,102.15707466085766,109.22628043527016,IT
WIPRO,2022-04-13,102.6223464802902,117.37158751619872,IT
MAHINDRA,2022-04-13,99.19481033111164,110.23741003655657,IT
SONATA,2022-04-13,101.1062876436492,107.42472113716582,IT
INFOSYS,2022-04-18,101.56873497083092,109.0942527900893,IT
TCS,2022-04-18,101.8297058530181,107.56055063339066,IT
WIPRO,2022-04-18,102.47033528193984,115.51539999844789,IT
MAHINDRA,2022-04-18,99.33470155203287,111.12042539561571,IT
SONATA,2022-04-18,101.13893055759335,107.33134578835826,IT
INFOSYS,2022-04-19,101.23748184812699,106.60919516986331,IT
TCS,2022-04-19,101.77345630133807,105.83309785026077,IT
WIPRO,2022-04-19,102.45052871967968,115.14228766336011,IT
MAHINDRA,2022-04-19,99.39233081754202,111.76478211730839,IT
SONATA,2022-04-19,101.18598815203457,107.35249877907353,IT
INFOSYS,2022-04-20,101.31556882331762,106.71346142446849,IT
TCS,2022-04-20,101.99868201700072,106.68991397484989,IT
WIPRO,2022-04-20,102.45729115736098,116.26255595536935,IT
MAHINDRA,2022-04-20,99.38987247016642,110.66997919398214,IT
SONATA,2022-04-20,101.22980268958007,108.59444768345261,IT
INFOSYS,2022-04-21,101.37650691207571,107.73365936300655,IT
TCS,2022-04-21,102.08430614988686,106.3652234983342,IT
WIPRO,2022-04-21,102.3843283496995,114.19477730189243,IT
MAHINDRA,2022-04-21,99.48960433962355,110.35624063744703,IT
SONATA,2022-04-21,101.08222774399304,107.49445222962659,IT
INFOSYS,2022-04-22,101.26930487019573,107.30022397387933,IT
TCS,2022-04-22,102.2230923783999,107.74659767480917,IT
WIPRO,2022-04-22,102.45856640765297,115.53858676306112,IT
MAHINDRA,2022-04-22,99.61878917467726,112.06609124724946,IT
SONATA,2022-04-22,101.10411483044803,108.44284057647148,IT
INFOSYS,2022-04-25,101.23352314044182,107.22650384385797,IT
TCS,2022-04-25,102.13627303449911,108.73716890772768,IT
WIPRO,2022-04-25,102.43711157423473,116.76062799900829,IT
MAHINDRA,2022-04-25,99.58817282345188,110.24435518796243,IT
SONATA,2022-04-25,100.9800209737773,108.90260341361547,IT
INFOSYS,2022-04-26,101.20988789155683,107.76343933595197,IT
TCS,2022-04-26,101.8883616606361,105.82948787766786,IT
WIPRO,2022-04-26,102.328763842218,116.28262214648888,IT
MAHINDRA,2022-04-26,99.72796803667578,112.02875110144592,IT
SONATA,2022-04-26,100.78554627250388,106.68547037155143,IT
INFOSYS,2022-04-27,101.0979693288837,106.52795280589628,IT
TCS,2022-04-27,102.11443211231399,107.78361282335406,IT
WIPRO,2022-04-27,102.25446744088559,115.76215016317926,IT
MAHINDRA,2022-04-27,99.70080991481373,112.72440731630272,IT
SONATA,2022-04-27,100.93183650164957,108.684847450281,IT
INFOSYS,2022-04-28,101.18933296717947,107.18362926615809,IT
TCS,2022-04-28,102.02167481692408,107.44270556152308,IT
WIPRO,2022-04-28,102.21717544694661,117.09261062388809,IT
MAHINDRA,2022-04-28,99.60866423278932,111.29186714835701,IT
SONATA,2022-04-28,100.77083274847259,107.15360186631051,IT
INFOSYS,2022-04-29,101.17276316017052,108.28623389988529,IT
TCS,2022-04-29,101.98451639410256,107.13927262898247,IT
WIPRO,2022-04-29,102.08552968479123,117.76544252834265,IT
MAHINDRA,2022-04-29,99.65041430791447,111.66936893308683,IT
SONATA,2022-04-29,100.84504947217776,108.10019938871767,IT
INFOSYS,2022-05-02,100.97510141501567,105.51923618231021,IT
TCS,2022-05-02,101.99681653461701,106.67053151887467,IT
WIPRO,2022-05-02,101.90645831992333,113.60161261165456,IT
MAHINDRA,2022-05-02,99.65687052592384,112.01471284723692,IT
SONATA,2022-05-02,100.77383276401048,108.34368430700944,IT
INFOSYS,2022-05-04,101.23262812317456,104.52430123572019,IT
TCS,2022-05-04,102.0856040689428,106.2627444830584,IT
WIPRO,2022-05-04,102.02244191043894,113.37293780517871,IT
MAHINDRA,2022-05-04,99.63104365012829,111.55877049229896,IT
SONATA,2022-05-04,100.66533791369382,109.76693800449809,IT
INFOSYS,2022-05-05,101.6557704578057,107.95827607969183,IT
TCS,2022-05-05,102.24116010050317,107.91742005240654,IT
WIPRO,2022-05-05,102.15481244203248,116.85683322120171,IT
MAHINDRA,2022-05-05,99.64783934267365,111.09617488227218,IT
SONATA,2022-05-05,100.33954901956204,108.78225761828615,IT
INFOSYS,2022-05-06,101.51121874976087,105.07311120891497,IT
TCS,2022-05-06,102.12646769066285,106.15782640962549,IT
WIPRO,2022-05-06,102.03994739517589,114.97225026149991,IT
MAHINDRA,2022-05-06,99.70792018577929,111.23049512335866,IT
SONATA,2022-05-06,100.16464370747867,106.72005983720952,IT
INFOSYS,2022-05-09,101.84421678843765,107.69208331170252,IT
TCS,2022-05-09,102.29926569059458,107.01359781972995,IT
WIPRO,2022-05-09,102.05874523514596,115.99777891829615,IT
MAHINDRA,2022-05-09,99.75545825536852,111.98319769399012,IT
SONATA,2022-05-09,100.30473740598481,108.86957258430988,IT
INFOSYS,2022-05-10,101.74339452528518,108.11949161085852,IT
TCS,2022-05-10,102.33216006026372,107.55524972985958,IT
WIPRO,2022-05-10,102.0048250737119,115.98827617198181,IT
MAHINDRA,2022-05-10,99.7325539823137,111.55241377780378,IT
SONATA,2022-05-10,100.11659338800939,107.13415196899334,IT
INFOSYS,2022-05-11,101.57211672463708,106.20629943729506,IT
TCS,2022-05-11,102.27649895752076,104.9908188736457,IT
WIPRO,2022-05-11,101.9516064193707,112.60356627085082,IT
MAHINDRA,2022-05-11,99.74996179809717,111.88670981869282,IT
SONATA,2022-05-11,100.1933004180048,105.39973390127118,IT
INFOSYS,2022-05-12,101.71718310887702,107.18929750606411,IT
TCS,2022-05-12,102.64131238128515,106.85133444872227,IT
WIPRO,2022-05-12,102.13857443997486,116.17002420155443,IT
MAHINDRA,2022-05-12,99.73608553855262,109.92365794015339,IT
SONATA,2022-05-12,100.53601785075212,108.00512849070553,IT
INFOSYS,2022-05-13,101.69958922006377,108.23803473449162,IT
TCS,2022-05-13,102.70095869384703,108.78365206909285,IT
WIPRO,2022-05-13,102.07239859960441,115.7548261168644,IT
MAHINDRA,2022-05-13,99.90619091134343,111.00212183121067,IT
SONATA,2022-05-13,100.47956770969273,107.56662410773613,IT
INFOSYS,2022-05-16,101.5088421660048,107.61024415832622,IT
TCS,2022-05-16,102.44408463807218,107.63621012834383,IT
WIPRO,2022-05-16,102.03569223472822,113.92778469074615,IT
MAHINDRA,2022-05-16,99.97525493348364,112.85948446386149,IT
SONATA,2022-05-16,100.49026874703388,108.30527052267648,IT
INFOSYS,2022-05-17,101.4218416995679,107.48402576950744,IT
TCS,2022-05-17,102.3751234395657,107.17777721495284,IT
WIPRO,2022-05-17,102.12864349725012,116.2383414279341,IT
MAHINDRA,2022-05-17,99.87021049867691,111.49346468782494,IT
SONATA,2022-05-17,100.38794996156007,107.35436335974288,IT
INFOSYS,2022-05-18,101.35570994562443,109.40682709866469,IT
TCS,2022-05-18,102.38116958943829,110.16292837611142,IT
WIPRO,2022-05-18,102.05763115951984,118.93579088222538,IT
MAHINDRA,2022-05-18,99.89316813763465,112.19874579517834,IT
SONATA,2022-05-18,100.43113342354371,106.31126091245805,IT
INFOSYS,2022-05-19,100.97397318257471,107.7952346900046,IT
TCS,2022-05-19,101.90103052237212,109.11962855935207,IT
WIPRO,2022-05-19,101.79594837768903,116.1886895838879,IT
MAHINDRA,2022-05-19,99.85004398593301,112.03008454845407,IT
SONATA,2022-05-19,100.6343851053695,108.83525736150284,IT
INFOSYS,2022-05-20,100.85710436143326,106.12039872568435,IT
TCS,2022-05-20,101.59174316519398,106.03256474097523,IT
WIPRO,2022-05-20,101.7286756224459,113.60389834075791,IT
MAHINDRA,2022-05-20,99.82272776880346,108.92458211530423,IT
SONATA,2022-05-20,100.45086624025518,107.99606350439902,IT
INFOSYS,2022-05-23,101.01528620118901,108.13058919982672,IT
TCS,2022-05-23,101.78404738051391,107.68262345120768,IT
WIPRO,2022-05-23,101.84429488870697,115.96462053816647,IT
MAHINDRA,2022-05-23,100.08695804391608,111.03758155973917,IT
SONATA,2022-05-23,100.39585013560142,107.6921966582966,IT
INFOSYS,2022-05-24,100.8434165662792,108.26949350562171,IT
TCS,2022-05-24,101.70799109191478,109.63093472447173,IT
WIPRO,2022-05-24,101.79283276889065,117.82428014974357,IT
MAHINDRA,2022-05-24,100.15281272713821,112.6155069763514,IT
SONATA,2022-05-24,100.3873284053832,108.29533883328781,IT
INFOSYS,2022-05-25,100.64913397087297,107.03979306783913,IT
TCS,2022-05-25,101.31674790231071,106.27430775376213,IT
WIPRO,2022-05-25,101.61012678515478,114.29869680375084,IT
MAHINDRA,2022-05-25,100.07046432619002,112.21834911416124,IT
SONATA,2022-05-25,100.28663084921484,107.77013211302535,IT
INFOSYS,2022-05-26,100.65620204350645,105.93977388229646,IT
TCS,2022-05-26,101.46925431256594,107.2760940612549,IT
WIPRO,2022-05-26,101.67645416959759,113.4858952189377,IT
MAHINDRA,2022-05-26,100.02542473302586,110.88247037391122,IT
SONATA,2022-05-26,100.26621015511535,106.11802983464582,IT
INFOSYS,2022-05-27,100.84374782266778,105.10046451004519,IT
TCS,2022-05-27,101.4593037083116,105.66600439636949,IT
WIPRO,2022-05-27,101.80037300598667,115.14050945638657,IT
MAHINDRA,2022-05-27,100.10581680464145,109.90350806745803,IT
SONATA,2022-05-27,100.49878391741986,108.07739719797087,IT
INFOSYS,2022-05-30,101.1700395295168,107.09527394120306,IT
TCS,2022-05-30,101.71105614607224,107.07596563372617,IT
WIPRO,2022-05-30,101.80721836456654,114.42475803496406,IT
MAHINDRA,2022-05-30,100.27845177964821,109.02325179569456,IT
SONATA,2022-05-30,100.43129939598415,107.48828216671917,IT
INFOSYS,2022-05-31,101.16801231441117,108.12300433981508,IT
TCS,2022-05-31,101.73361768243058,107.1137026731241,IT
WIPRO,2022-05-31,101.86474334458578,116.36421191271135,IT
MAHINDRA,2022-05-31,100.53455681452179,110.608373800235,IT
SONATA,2022-05-31,100.45399035048533,108.06903948881528,IT
INFOSYS,2022-06-01,100.99712694048984,106.02026338940478,IT
TCS,2022-06-01,101.75004617537351,105.84157347731396,IT
WIPRO,2022-06-01,101.78501594169461,115.15582037180876,IT
MAHINDRA,2022-06-01,100.64126016952454,112.36981642253797,IT
SONATA,2022-06-01,100.38781373191134,107.15496170016702,IT
INFOSYS,2022-06-02,101.17203549981363,106.14487936088835,IT
TCS,2022-06-02,101.97383571428794,106.440360864665,IT
WIPRO,2022-06-02,101.79077695727624,114.7092797792303,IT
MAHINDRA,2022-06-02,100.58167643066285,112.61839245673559,IT
SONATA,2022-06-02,100.46154001278053,107.00635951021675,IT
INFOSYS,2022-06-03,101.3266695176947,106.56758637060857,IT
TCS,2022-06-03,102.1001944209439,107.39679290245326,IT
WIPRO,2022-06-03,101.8281441474489,115.61943076760816,IT
MAHINDRA,2022-06-03,100.49870355731515,111.18870279938353,IT
SONATA,2022-06-03,100.55811103744324,107.3348173869068,IT
INFOSYS,2022-06-06,101.41169519024623,107.57672329943543,IT
TCS,2022-06-06,102.07049436757443,108.30988932130718,IT
WIPRO,2022-06-06,101.80110228037215,115.47872193483867,IT
MAHINDRA,2022-06-06,100.55056317153434,110.64679998635505,IT
SONATA,2022-06-06,100.60436586148026,107.26418704675459,IT
INFOSYS,2022-06-07,101.3302990744192,107.1467206950194,IT
TCS,2022-06-07,101.8921537635342,105.60113901180287,IT
WIPRO,2022-06-07,101.78401935041964,114.31734891604519,IT
MAHINDRA,2022-06-07,100.65365086413992,111.31419744928581,IT
SONATA,2022-06-07,100.66148245185305,108.02480991392997,IT
INFOSYS,2022-06-08,101.31978883684401,106.87853334495469,IT
TCS,2022-06-08,102.15559677754271,107.28654350902822,IT
WIPRO,2022-06-08,101.84913900202626,115.00284364840992,IT
MAHINDRA,2022-06-08,100.69372843704764,112.25505888532625,IT
SONATA,2022-06-08,100.6019459871034,108.45445424728156,IT
INFOSYS,2022-06-09,101.35349519597777,107.77924149591132,IT
TCS,2022-06-09,102.14387319863269,107.50988537135572,IT
WIPRO,2022-06-09,101.86573523564815,116.51492739091982,IT
MAHINDRA,2022-06-09,100.64494347719761,111.12860926578011,IT
SONATA,2022-06-09,100.47669226878031,106.29832009985581,IT
INFOSYS,2022-06-10,101.23881811697922,107.82949810756422,IT
TCS,2022-06-10,102.09571256413973,108.82774797783487,IT
WIPRO,2022-06-10,101.77535399252316,115.81298019103947,IT
MAHINDRA,2022-06-10,100.70255921000094,112.07944763779957,IT
SONATA,2022-06-10,100.68202584533597,107.95082982298584,IT
INFOSYS,2022-06-13,101.11601299482719,105.97021134820486,IT
TCS,2022-06-13,101.83319368345605,107.22776297957029,IT
WIPRO,2022-06-13,101.73464383215408,115.02350301043187,IT
MAHINDRA,2022-06-13,100.67034863808179,110.49785086685444,IT
SONATA,2022-06-13,100.63381679624977,106.71589394984392,IT
INFOSYS,2022-06-14,101.2993901571761,107.90893656052103,IT
TCS,2022-06-14,101.83107233563257,107.09227323117835,IT
WIPRO,2022-06-14,101.74976012308507,116.2419544825399,IT
MAHINDRA,2022-06-14,100.78765840359375,111.11574515893795,IT
SONATA,2022-06-14,100.77520740819466,106.43670621968677,IT
INFOSYS,2022-06-15,101.16345376214312,106.79312126915686,IT
TCS,2022-06-15,101.8510053801466,107.1043490966287,IT
WIPRO,2022-06-15,101.6787560690131,117.10907494012767,IT
MAHINDRA,2022-06-15,100.8465736904577,111.63642886328681,IT
SONATA,2022-06-15,100.95981457351111,108.83191540292103,IT
INFOSYS,2022-06-16,101.21117619306635,107.30193169439653,IT
TCS,2022-06-16,101.86897590447376,108.48478550064648,IT
WIPRO,2022-06-16,101.54664318901808,118.61879461859098,IT
MAHINDRA,2022-06-16,100.85622458338466,111.97040012851764,IT
SONATA,2022-06-16,100.77621459193627,107.17078186963518,IT
INFOSYS,2022-06-17,101.17513401925574,105.83784641339548,IT
TCS,2022-06-17,101.66262038290893,106.82746047619298,IT
WIPRO,2022-06-17,101.3085344151583,113.4838729311719,IT
MAHINDRA,2022-06-17,100.83427800615537,113.08316371533215,IT
SONATA,2022-06-17,100.84779284653197,110.30835444125205,IT
INFOSYS,2022-06-20,101.38048880618635,106.56788881869272,IT
TCS,2022-06-20,101.72558160129296,105.92418581178131,IT
WIPRO,2022-06-20,101.43214759221206,114.6523222531598,IT
MAHINDRA,2022-06-20,100.70721867500484,111.96705362933554,IT
SONATA,2022-06-20,100.43880591398383,106.66064776059329,IT
INFOSYS,2022-06-21,101.46550967362715,106.61215417205669,IT
TCS,2022-06-21,101.93582902667282,105.39065389931415,IT
WIPRO,2022-06-21,101.47340174930423,116.94536049190542,IT
MAHINDRA,2022-06-21,100.68562058205082,111.72120087928565,IT
SONATA,2022-06-21,100.58840368205325,107.81127719515068,IT
INFOSYS,2022-06-22,101.54328334637148,106.9794209597378,IT
TCS,2022-06-22,102.23386511003025,105.45776218692956,IT
WIPRO,2022-06-22,101.3530735915862,114.37189943492189,IT
MAHINDRA,2022-06-22,100.68724713841996,109.27068399062097,IT
SONATA,2022-06-22,100.56161695777226,106.7095131857468,IT
INFOSYS,2022-06-23,101.56038969119476,108.46660186926943,IT
TCS,2022-06-23,102.52174471129564,108.65226297946477,IT
WIPRO,2022-06-23,101.41406993999793,116.13110646254479,IT
MAHINDRA,2022-06-23,100.92090792943641,109.28612218585552,IT
SONATA,2022-06-23,100.70388679968472,107.19682340981753,IT
INFOSYS,2022-06-24,101.33229496245885,105.89978177760516,IT
TCS,2022-06-24,102.28674398823419,107.40853861119915,IT
WIPRO,2022-06-24,101.35110324388927,114.67930726373176,IT
MAHINDRA,2022-06-24,101.15364241025492,111.62832849050483,IT
SONATA,2022-06-24,100.77141140697681,106.84115225476533,IT
INFOSYS,2022-06-27,101.52771820299726,106.86898872613352,IT
TCS,2022-06-27,102.25507069453806,107.22556483165992,IT
WIPRO,2022-06-27,101.39042200215071,114.83925344721614,IT
MAHINDRA,2022-06-27,101.16409160564382,109.791038686448,IT
SONATA,2022-06-27,100.89370788382003,108.12132374338064,IT
INFOSYS,2022-06-28,101.56307127869731,107.75824881749475,IT
TCS,2022-06-28,102.2532997752046,107.74141831015933,IT
WIPRO,2022-06-28,101.41847693812406,116.3360434767199,IT
MAHINDRA,2022-06-28,101.34926455899404,111.5062532563046,IT
SONATA,2022-06-28,100.8192133085031,107.72309276096803,IT
INFOSYS,2022-06-29,101.45161788381141,107.06089664975306,IT
TCS,2022-06-29,102.16729976450652,107.82108184169319,IT
WIPRO,2022-06-29,101.34108136027375,116.13937686191086,IT
MAHINDRA,2022-06-29,101.37134560827153,112.94368638354943,IT
SONATA,2022-06-29,100.80590942776843,108.08079712216227,IT
INFOSYS,2022-06-30,101.45525890658949,105.96182480823197,IT
TCS,2022-06-30,102.06838783277358,105.53987795564656,IT
WIPRO,2022-06-30,101.2775781678506,113.7977261104916,IT
MAHINDRA,2022-06-30,101.25684338980064,110.61048441585177,IT
SONATA,2022-06-30,100.73769704096402,108.00207302259034,IT
INFOSYS,2022-07-01,101.6406405502597,107.03989863783144,IT
TCS,2022-07-01,102.34233249117538,110.24902502033765,IT
WIPRO,2022-07-01,101.37901150039036,116.07883664490959,IT
MAHINDRA,2022-07-01,101.36411241372564,113.26911606170665,IT
SONATA,2022-07-01,100.68160223307481,108.04963139161681,IT
INFOSYS,2022-07-04,101.64776079263534,107.62474874458337,IT
TCS,2022-07-04,101.8484269613055,107.6430782777235,IT
WIPRO,2022-07-04,101.31974522986607,116.53540453969538,IT
MAHINDRA,2022-07-04,101.21874859170744,112.26547252754158,IT
SONATA,2022-07-04,100.61824985516736,106.64595969694128,IT
INFOSYS,2022-07-05,101.55824689541039,107.13819277246958,IT
TCS,2022-07-05,101.7787502940084,106.96683548719638,IT
WIPRO,2022-07-05,101.22840895807165,115.71082292924748,IT
MAHINDRA,2022-07-05,101.16872129367171,111.0252641511229,IT
SONATA,2022-07-05,100.77037400969088,107.73285374799478,IT
INFOSYS,2022-07-06,101.54912170960762,107.42632163560664,IT
TCS,2022-07-06,101.81908925206264,107.27829446471087,IT
WIPRO,2022-07-06,101.19509996734396,115.02132351098868,IT
MAHINDRA,2022-07-06,101.23645845641616,110.45219562525727,IT
SONATA,2022-07-06,100.75557792411202,107.61159921583872,IT
INFOSYS,2022-07-07,101.49242834393137,106.6710633606287,IT
TCS,2022-07-07,101.80874634668713,108.44015796872755,IT
WIPRO,2022-07-07,101.21028943151344,116.07190306103548,IT
MAHINDRA,2022-07-07,101.35877464455514,112.13600080736728,IT
SONATA,2022-07-07,100.7594012107688,107.78874813980221,IT
INFOSYS,2022-07-08,101.56048210644623,109.3057680092739,IT
TCS,2022-07-08,101.60974534295194,111.83610945616674,IT
WIPRO,2022-07-08,101.151608977486,116.86830417099749,IT
MAHINDRA,2022-07-08,101.32097985620621,109.5868422182825,IT
SONATA,2022-07-08,100.7360268041966,108.93494780969267,IT
INFOSYS,2022-07-11,101.19454845282532,108.19566608473968,IT
TCS,2022-07-11,100.86476845286879,107.17816200495898,IT
WIPRO,2022-07-11,101.03706730658126,114.82483643917298,IT
MAHINDRA,2022-07-11,101.52592610932724,112.22212382798025,IT
SONATA,2022-07-11,100.53707567953462,107.13024176328267,IT
INFOSYS,2022-07-12,101.01169799049052,106.3058890260364,IT
TCS,2022-07-12,100.87066336672764,108.0985751590249,IT
WIPRO,2022-07-12,101.06603748069384,115.261692815413,IT
MAHINDRA,2022-07-12,101.47987221204718,111.72161271452345,IT
SONATA,2022-07-12,100.61470492451082,107.6296040263261,IT
INFOSYS,2022-07-13,101.13955440001368,107.80723735114688,IT
TCS,2022-07-13,100.72837795486107,108.05160280735542,IT
WIPRO,2022-07-13,101.0643204306571,116.20516893360242,IT
MAHINDRA,2022-07-13,101.48147238699435,110.63727732841231,IT
SONATA,2022-07-13,100.61576187054291,107.50087964195399,IT
INFOSYS,2022-07-14,101.0205236576471,107.54626574548134,IT
TCS,2022-07-14,100.59383430257974,107.99274765102257,IT
WIPRO,2022-07-14,100.99637513824617,117.44088149211613,IT
MAHINDRA,2022-07-14,101.58642301990943,110.22595236280807,IT
SONATA,2022-07-14,100.63656194603247,108.22775637711476,IT
INFOSYS,2022-07-15,100.94443922130407,104.96590221956582,IT
TCS,2022-07-15,100.46890808452277,106.41284951285081,IT
WIPRO,2022-07-15,100.84192282808337,114.13491017725559,IT
MAHINDRA,2022-07-15,101.73078218797586,113.49959032226431,IT
SONATA,2022-07-15,100.54596002495063,108.14294443579011,IT
INFOSYS,2022-07-18,101.29330261144041,107.69983024001132,IT
TCS,2022-07-18,100.59783062703802,107.24309097229884,IT
WIPRO,2022-07-18,100.91924484104518,115.37113883107527,IT
MAHINDRA,2022-07-18,101.56296243006166,110.49008936772644,IT
SONATA,2022-07-18,100.46841415159805,107.30888563905442,IT
INFOSYS,2022-07-19,101.19175168238216,106.29526235255838,IT
TCS,2022-07-19,100.59327080964701,105.50602041132662,IT
WIPRO,2022-07-19,100.90985419140966,114.83067909371418,IT
MAHINDRA,2022-07-19,101.68205365949585,114.00197742459298,IT
SONATA,2022-07-19,100.51860212545716,107.32823526676324,IT
INFOSYS,2022-07-20,101.32158984187743,106.56043912829176,IT
TCS,2022-07-20,100.8687291283904,107.3248641042407,IT
WIPRO,2022-07-20,100.9383778698471,115.27931875012271,IT
MAHINDRA,2022-07-20,101.46656679318801,111.50149257081874,IT
SONATA,2022-07-20,100.56584805370679,105.89644087645343,IT
INFOSYS,2022-07-21,101.40779134632082,109.04429133577099,IT
TCS,2022-07-21,100.8509774214774,108.05534129470155,IT
WIPRO,2022-07-21,100.93542646480634,116.45876570924707,IT
MAHINDRA,2022-07-21,101.48912680781757,111.87994749703155,IT
SONATA,2022-07-21,100.83324813087273,107.67538950425381,IT
INFOSYS,2022-07-22,101.08525242045766,106.803387197733,IT
TCS,2022-07-22,100.71566905433967,106.83895867833289,IT
WIPRO,2022-07-22,100.8498038255143,113.98447005726553,IT
MAHINDRA,2022-07-22,101.47565234178673,114.34772864882521,IT
SONATA,2022-07-22,100.82727171174086,105.80524409828386,IT
INFOSYS,2022-07-25,101.13124817750612,109.18587659376463,IT
TCS,2022-07-25,100.7761907564002,107.90655934464979,IT
WIPRO,2022-07-25,100.93769431578119,116.46228750842678,IT
MAHINDRA,2022-07-25,101.22783499521728,111.05036904953184,IT
SONATA,2022-07-25,101.10945716515772,110.53014216129333,IT
INFOSYS,2022-07-26,100.78644797951308,106.76413605863209,IT
TCS,2022-07-26,100.66488706509759,105.92395551961772,IT
WIPRO,2022-07-26,100.85182309544528,115.73522488045572,IT
MAHINDRA,2022-07-26,101.29322427956134,112.32574460453638,IT
SONATA,2022-07-26,100.66552089883882,107.41524987126894,IT
INFOSYS,2022-07-27,100.8387497628394,105.99176448057455,IT
TCS,2022-07-27,100.87297944001587,106.72920184790301,IT
WIPRO,2022-07-27,100.81692867659324,114.77107410120874,IT
MAHINDRA,2022-07-27,101.23743816010845,112.30597933809219,IT
SONATA,2022-07-27,100.69947552670845,108.57891158822787,IT
INFOSYS,2022-07-28,101.01807564668545,106.47566646905132,IT
TCS,2022-07-28,100.95131453947461,107.29126696030157,IT
WIPRO,2022-07-28,100.84960529333233,114.8242386951463,IT
MAHINDRA,2022-07-28,101.18355810211176,111.75272035811795,IT
SONATA,2022-07-28,100.55505112786464,107.73447254795097,IT
INFOSYS,2022-07-29,101.11797606040157,107.85096440083089,IT
TCS,2022-07-29,100.93896726288085,108.31076849605758,IT
WIPRO,2022-07-29,100.87856363984116,115.07810629215388,IT
MAHINDRA,2022-07-29,101.18220046331051,107.83923732449162,IT
SONATA,2022-07-29,100.54003865160192,107.48851382357458,IT
INFOSYS,2022-08-01,100.99179496050277,107.4873841961787,IT
TCS,2022-08-01,100.76246236286273,107.44573892598247,IT
WIPRO,2022-08-01,100.88972321004141,115.14571124336422,IT
MAHINDRA,2022-08-01,101.5537146897583,110.6930752219966,IT
SONATA,2022-08-01,100.56271866213983,108.35642342412046,IT
INFOSYS,2022-08-02,100.925392561089,106.13342376763697,IT
TCS,2022-08-02,100.72527444052348,106.07999796977894,IT
WIPRO,2022-08-02,100.89614252072869,114.90601915963182,IT
MAHINDRA,2022-08-02,101.65341288577386,111.98624975860177,IT
SONATA,2022-08-02,100.45250293094993,107.18588678480326,IT
INFOSYS,2022-08-03,101.08153627072083,105.34288743739222,IT
TCS,2022-08-03,100.90827438705482,106.73831815734755,IT
WIPRO,2022-08-03,100.91937619874632,114.59088602690088,IT
MAHINDRA,2022-08-03,101.62978188248556,111.19397239023779,IT
SONATA,2022-08-03,100.52153557354453,107.64761724162594,IT
INFOSYS,2022-08-04,101.36849017889587,106.30847699492112,IT
TCS,2022-08-04,100.98516442954833,107.01134971909073,IT
WIPRO,2022-08-04,100.9647348575476,114.4337829350316,IT
MAHINDRA,2022-08-04,101.68172217965846,113.46187756507528,IT
SONATA,2022-08-04,100.5198319663137,107.82946157983854,IT
INFOSYS,2022-08-05,101.49637034126808,107.54024268155356,IT
TCS,2022-08-05,101.01799931549428,107.64904043898393,IT
WIPRO,2022-08-05,101.02114976578284,116.6697512306952,IT
MAHINDRA,2022-08-05,101.51756942223935,109.73309734079987,IT
SONATA,2022-08-05,100.4902792954069,108.39031502769198,IT
INFOSYS,2022-08-08,101.42092054267857,107.97963209490422,IT
TCS,2022-08-08,100.94792951337111,107.84195647172193,IT
WIPRO,2022-08-08,100.92066746838829,116.39098159616029,IT
MAHINDRA,2022-08-08,101.70892860154503,112.32942213229896,IT
SONATA,2022-08-08,100.37496407702457,108.11872940468828,IT
INFOSYS,2022-08-10,101.27318928967973,106.77644527540548,IT
TCS,2022-08-10,100.84683691776982,105.96128356922434,IT
WIPRO,2022-08-10,100.83980419836557,114.22503733646164,IT
MAHINDRA,2022-08-10,101.65256299463184,112.4187151056319,IT
SONATA,2022-08-10,100.30124879893118,108.08918344675251,IT
INFOSYS,2022-08-11,101.32371359815266,108.55171412269715,IT
TCS,2022-08-11,101.04926458293603,108.01813769087067,IT
WIPRO,2022-08-11,100.91079842497375,115.87637237313218,IT
MAHINDRA,2022-08-11,101.58772265338119,112.33747196998323,IT
SONATA,2022-08-11,100.23209769737397,107.77651779214484,IT
INFOSYS,2022-08-12,101.08218568041546,107.53392977330826,IT
TCS,2022-08-12,100.91968269840137,108.14630102149393,IT
WIPRO,2022-08-12,100.86599165475123,115.64458565983738,IT
MAHINDRA,2022-08-12,101.53065782721617,110.50727962232105,IT
SONATA,2022-08-12,100.2107130563999,107.52075752528835,IT
INFOSYS,2022-08-16,101.00808036190462,107.12519422783278,IT
TCS,2022-08-16,100.7696527233572,107.61121551146508,IT
WIPRO,2022-08-16,100.83744274407154,114.6620095509412,IT
MAHINDRA,2022-08-16,101.64806984433663,113.13892906794351,IT
SONATA,2022-08-16,100.22839239386786,107.62794543779367,IT
INFOSYS,2022-08-17,101.00114023266103,108.28584186902576,IT
TCS,2022-08-17,100.70583881542258,107.8318539116464,IT
WIPRO,2022-08-17,100.87777552568032,116.81309651139362,IT
MAHINDRA,2022-08-17,101.51468047924031,112.60229922723613,IT
SONATA,2022-08-17,100.22969863949439,107.31352048533583,IT
INFOSYS,2022-08-18,100.80387795200717,105.51110491799466,IT
TCS,2022-08-18,100.60661141764396,106.0407017390215,IT
WIPRO,2022-08-18,100.76740619678364,114.81544842980566,IT
MAHINDRA,2022-08-18,101.43246821213614,112.22887896863527,IT
SONATA,2022-08-18,100.27905867423486,107.19587355256735,IT
INFOSYS,2022-08-19,101.06230825402953,106.95019413963992,IT
TCS,2022-08-19,100.79573757974511,106.64913666838399,IT
WIPRO,2022-08-19,100.79695695093731,116.39332339938404,IT
MAHINDRA,2022-08-19,101.38581443443566,111.35830572288992,IT
SONATA,2022-08-19,100.34644378345064,107.75912178222939,IT
INFOSYS,2022-08-22,101.08414064134035,109.1527764414534,IT
TCS,2022-08-22,100.88693224112068,109.67985971259002,IT
WIPRO,2022-08-22,100.71602900427794,116.29226082176685,IT
MAHINDRA,2022-08-22,101.42198467697432,109.19761178075983,IT
SONATA,2022-08-22,100.32769407751053,107.74759446782743,IT
INFOSYS,2022-08-23,100.74490750719059,107.45094331840656,IT
TCS,2022-08-23,100.49102007687827,108.19338690798293,IT
WIPRO,2022-08-23,100.64222979246826,115.46032132898182,IT
MAHINDRA,2022-08-23,101.66433662589824,112.16575883436563,IT
SONATA,2022-08-23,100.31070980579246,107.19391159243395,IT
INFOSYS,2022-08-24,100.68463241723052,107.69794113973369,IT
TCS,2022-08-24,100.33408817393877,107.8415665161712,IT
WIPRO,2022-08-24,100.62662805588796,115.04245978663572,IT
MAHINDRA,2022-08-24,101.62359166001143,111.90963915609083,IT
SONATA,2022-08-24,100.37841652633064,107.72574300993973,IT
INFOSYS,2022-08-25,100.58400051614059,107.07073337046756,IT
TCS,2022-08-25,100.23367270518388,107.29172602391756,IT
WIPRO,2022-08-25,100.64025349402831,115.00674307648492,IT
MAHINDRA,2022-08-25,101.60726920262655,110.95746364188031,IT
SONATA,2022-08-25,100.36476548547012,107.32209966192653,IT
INFOSYS,2022-08-26,100.58600069648585,109.06152818570837,IT
TCS,2022-08-26,100.22133968179222,108.50717123930363,IT
WIPRO,2022-08-26,100.6563798887847,116.62884343391325,IT
MAHINDRA,2022-08-26,101.68177250610475,110.45984407686757,IT
SONATA,2022-08-26,100.41287849611008,107.80023316782473,IT
INFOSYS,2022-08-29,100.26327298292156,107.40842805957973,IT
TCS,2022-08-29,100.01475079811483,107.27617934417906,IT
WIPRO,2022-08-29,100.5591167525801,115.47303930150694,IT
MAHINDRA,2022-08-29,101.80389531001723,111.802056350008,IT
SONATA,2022-08-29,100.38782773898093,107.60038349748089,IT
INFOSYS,2022-08-30,100.21021296189605,107.61900429729282,IT
TCS,2022-08-30,100.0049292007962,108.37202453447902,IT
WIPRO,2022-08-30,100.54263928268158,114.859300680247,IT
MAHINDRA,2022-08-30,101.79781737628639,110.52229398616527,IT
SONATA,2022-08-30,100.39335317296793,106.56278546051428,IT
INFOSYS,2022-09-01,100.12289985946944,107.63843418479227,IT
TCS,2022-09-01,99.82030231938573,107.23488418429294,IT
WIPRO,2022-09-01,100.56905794190148,115.75760020950543,IT
MAHINDRA,2022-09-01,101.9141010356672,111.476955735514,IT
SONATA,2022-09-01,100.55790333321855,107.80146037210899,IT
INFOSYS,2022-09-02,100.0325036447376,107.1924236140781,IT
TCS,2022-09-02,99.8170868967593,107.77272851260213,IT
WIPRO,2022-09-02,100.53269842512692,116.2313264019968,IT
MAHINDRA,2022-09-02,101.93910781954506,112.04370931132581,IT
SONATA,2022-09-02,100.53262841631474,108.14491487200678,IT
INFOSYS,2022-09-05,100.0146926008258,107.35378803854863,IT
TCS,2022-09-05,99.72814965938615,107.34442023965823,IT
WIPRO,2022-09-05,100.463285279292,115.39522792591126,IT
MAHINDRA,2022-09-05,101.90991772715333,112.5771082396846,IT
SONATA,2022-09-05,100.4547913907346,107.7963691504621,IT
INFOSYS,2022-09-06,99.97064583021744,106.82365446189797,IT
TCS,2022-09-06,99.70748290759308,106.41239615382352,IT
WIPRO,2022-09-06,100.45225533654363,114.51700391844346,IT
MAHINDRA,2022-09-06,101.82979014919157,112.64237221842158,IT
SONATA,2022-09-06,100.43032145311967,107.46124042467314,IT
INFOSYS,2022-09-07,100.01283535307772,106.89098640888476,IT
TCS,2022-09-07,99.83550081249629,107.52920697483542,IT
WIPRO,2022-09-07,100.50256732595977,114.98399997191335,IT
MAHINDRA,2022-09-07,101.74350049461817,110.53058999565884,IT
SONATA,2022-09-07,100.45715321513238,105.44605007628317,IT
INFOSYS,2022-09-08,100.04407945284058,105.44254629175056,IT
TCS,2022-09-08,99.78534867082712,106.03475014321155,IT
WIPRO,2022-09-08,100.5202608892058,114.55790930148544,IT
MAHINDRA,2022-09-08,101.85892838236654,113.18010851981224,IT
SONATA,2022-09-08,100.79363407458582,106.68433350225895,IT
INFOSYS,2022-09-09,100.31177865542912,106.29928327067793,IT
TCS,2022-09-09,99.9738836995387,107.0264652226791,IT
WIPRO,2022-09-09,100.56774624986559,114.7727087419747,IT
MAHINDRA,2022-09-09,101.72133741561001,112.46214173708813,IT
SONATA,2022-09-09,100.94011118860621,107.71835411781304,IT
INFOSYS,2022-09-12,100.4398298742213,107.21580976898383,IT
TCS,2022-09-12,100.00397312852316,108.26755863925482,IT
WIPRO,2022-09-12,100.60022776781436,115.70889931290529,IT
MAHINDRA,2022-09-12,101.6523141387465,112.15974649807296,IT
SONATA,2022-09-12,100.9275201418739,108.67787891895061,IT
INFOSYS,2022-09-13,100.418126543419,110.25271458116742,IT
TCS,2022-09-13,99.83598561035167,109.94296801161246,IT
WIPRO,2022-09-13,100.56725989329888,116.14816764792327,IT
MAHINDRA,2022-09-13,101.61214694680342,111.55563512544325,IT
SONATA,2022-09-13,100.76759174661498,108.26363969821891,IT
INFOSYS,2022-09-14,99.9029606703715,108.69850938264035,IT
TCS,2022-09-14,99.40256294019927,107.04926787588059,IT
WIPRO,2022-09-14,100.50362790611314,114.91780402704923,IT
MAHINDRA,2022-09-14,101.62957562303949,111.23592212301658,IT
SONATA,2022-09-14,100.67137136280185,106.91494936553036,IT
INFOSYS,2022-09-15,99.64108075456602,108.51560313693892,IT
TCS,2022-09-15,99.42885581757557,108.23969232365934,IT
WIPRO,2022-09-15,100.52594759732965,116.28146128275657,IT
MAHINDRA,2022-09-15,101.67751192458327,113.11813197067157,IT
SONATA,2022-09-15,100.782197773051,107.62881249599384,IT
INFOSYS,2022-09-16,99.40938980422614,106.77385287049599,IT
TCS,2022-09-16,99.26624788020456,107.08788559299556,IT
WIPRO,2022-09-16,100.45304113350674,115.58539821612321,IT
MAHINDRA,2022-09-16,101.54606272261772,109.7260650748149,IT
SONATA,2022-09-16,100.78337805674781,108.67247395880347,IT
INFOSYS,2022-09-19,99.45940394944353,107.94316548889856,IT
TCS,2022-09-19,99.28637523517786,107.83626742918912,IT
WIPRO,2022-09-19,100.42873937650631,115.52042107977628,IT
MAHINDRA,2022-09-19,101.73814812819016,111.731371198038,IT
SONATA,2022-09-19,100.62450563208476,108.60663898886583,IT
INFOSYS,2022-09-20,99.32041347533305,107.26913108122034,IT
TCS,2022-09-20,99.18784751116962,107.85609441509679,IT
WIPRO,2022-09-20,100.40897708749135,115.60896561882623,IT
MAHINDRA,2022-09-20,101.73882087750705,111.06031722717579,IT
SONATA,2022-09-20,100.4759489837081,107.57129303734708,IT
INFOSYS,2022-09-21,99.29034097136028,107.20621546605614,IT
TCS,2022-09-21,99.08628087959357,106.60513506539375,IT
WIPRO,2022-09-21,100.38304206894664,115.39197631105633,IT
MAHINDRA,2022-09-21,101.80358943019569,111.09368107817612,IT
SONATA,2022-09-21,100.48593454117895,107.86899500983812,IT
INFOSYS,2022-09-22,99.27043513502112,105.99695302391015,IT
TCS,2022-09-22,99.18291010725916,106.44780509357587,IT
WIPRO,2022-09-22,100.37224775502439,114.60027211789932,IT
MAHINDRA,2022-09-22,101.86520852569932,112.73604168405313,IT
SONATA,2022-09-22,100.45034145420918,108.11549217035595,IT
INFOSYS,2022-09-23,99.44613111122786,105.01663072397825,IT
TCS,2022-09-23,99.30462756927909,105.26044235302096,IT
WIPRO,2022-09-23,100.41670511427725,113.725553924813,IT
MAHINDRA,2022-09-23,101.76995260207507,112.58854470928526,IT
SONATA,2022-09-23,100.37706568108345,108.45899490204818,IT
INFOSYS,2022-09-26,99.7815532520705,106.3464219657785,IT
TCS,2022-09-26,99.61576172365955,106.48498592261772,IT
WIPRO,2022-09-26,100.52232380672815,114.47298378150286,IT
MAHINDRA,2022-09-26,101.68884481352667,111.73863560639413,IT
SONATA,2022-09-26,100.25139906129273,106.67702625420164,IT
INFOSYS,2022-09-27,99.90125674121155,106.37674307014103,IT
TCS,2022-09-27,99.73207678445408,105.88373679462495,IT
WIPRO,2022-09-27,100.57574965308514,114.60239780086789,IT
MAHINDRA,2022-09-27,101.68882415820786,110.59241154055955,IT
SONATA,2022-09-27,100.39820788763608,108.40474670186406,IT
INFOSYS,2022-09-28,100.01616438395259,106.69585047570533,IT
TCS,2022-09-28,99.94467835967797,108.1451720867364,IT
WIPRO,2022-09-28,100.62014842136247,116.1091883059247,IT
MAHINDRA,2022-09-28,101.79827877196138,110.4942149311822,IT
SONATA,2022-09-28,100.2807952428975,107.62128745345967,IT
INFOSYS,2022-09-29,100.07918992070645,107.50966651277163,IT
TCS,2022-09-29,99.7962776441564,108.45462213644026,IT
WIPRO,2022-09-29,100.5592056434581,116.2373019908981,IT
MAHINDRA,2022-09-29,101.9172509762651,112.4383365541269,IT
SONATA,2022-09-29,100.28311975680312,106.82479490476712,IT
INFOSYS,2022-09-30,100.00976463348985,107.21953725787144,IT
TCS,2022-09-30,99.59891242982647,106.71340501690553,IT
WIPRO,2022-09-30,100.48935711989503,114.22119322689073,IT
MAHINDRA,2022-09-30,101.8503680027804,111.83619627712032,IT
SONATA,2022-09-30,100.40732974887523,107.92671723585867,IT
INFOSYS,2022-10-03,99.98754803924211,106.89110481449069,IT
TCS,2022-10-03,99.67877662122416,106.11272573233815,IT
WIPRO,2022-10-03,100.5603734913423,114.84973987643468,IT
MAHINDRA,2022-10-03,101.8410254325751,112.9994368941083,IT
SONATA,2022-10-03,100.36293864205938,108.91429571883421,IT
INFOSYS,2022-10-04,100.0187649669923,106.00411424744918,IT
TCS,2022-10-04,99.85464282505254,107.19988152891943,IT
WIPRO,2022-10-04,100.58746541057131,114.58740203074805,IT
MAHINDRA,2022-10-04,101.72067806080729,112.22706616194708,IT
SONATA,2022-10-04,100.16787086249063,106.80150188456695,IT
INFOSYS,2022-10-06,100.19461604751285,107.21211508256906,IT
TCS,2022-10-06,99.85701224679303,108.20452586601328,IT
WIPRO,2022-10-06,100.63291868683628,115.56138692666167,IT
MAHINDRA,2022-10-06,101.67406457069376,112.81475180639684,IT
SONATA,2022-10-06,100.29550294293134,107.41731837449485,IT
INFOSYS,2022-10-07,100.17356767968381,106.17364341052355,IT
TCS,2022-10-07,99.6992983378682,105.27002181917189,IT
WIPRO,2022-10-07,100.6102520890435,114.26064777273884,IT
MAHINDRA,2022-10-07,101.57149358610026,111.13291971500594,IT
SONATA,2022-10-07,100.32901637244125,107.31171375406299,IT
INFOSYS,2022-10-10,100.32197394432576,107.97519094988438,IT
TCS,2022-10-10,100.01013310239183,107.28674867578977,IT
WIPRO,2022-10-10,100.67859106173029,115.38957788404937,IT
MAHINDRA,2022-10-10,101.62922849615977,111.4050058647225,IT
SONATA,2022-10-10,100.37870184891578,107.48458202892796,IT
INFOSYS,2022-10-11,100.17656615462137,107.43908049898674,IT
TCS,2022-10-11,99.99862295558187,107.04187068924327,IT
WIPRO,2022-10-11,100.66793276438882,115.19436078246403,IT
MAHINDRA,2022-10-11,101.66102969584139,111.20742942255136,IT
SONATA,2022-10-11,100.40194722781071,107.75993063020441,IT
INFOSYS,2022-10-12,100.11856211318016,107.06644008586942,IT
TCS,2022-10-12,100.02625633885387,106.55558600321699,IT
WIPRO,2022-10-12,100.67093368880934,120.51932880448,IT
MAHINDRA,2022-10-12,101.71170112526511,111.20099087157278,IT
SONATA,2022-10-12,100.38306343082407,108.05982976063993,IT
INFOSYS,2022-10-13,100.12125234391839,105.01262161469404,IT
TCS,2022-10-13,100.13173933663973,108.2509154830403,IT
WIPRO,2022-10-13,100.30269309477919,116.35741030311777,IT
MAHINDRA,2022-10-13,101.76301284728491,113.70440759304937,IT
SONATA,2022-10-13,100.31834067138871,108.12232861040714,IT
INFOSYS,2022-10-14,100.45960902532677,106.83250790098319,IT
TCS,2022-10-14,99.96619174142835,107.27537374100453,IT
WIPRO,2022-10-14,100.22466171092148,116.22137524128046,IT
MAHINDRA,2022-10-14,101.57565290491681,112.33619162291124,IT
SONATA,2022-10-14,100.24411751115154,107.90072126121358,IT
INFOSYS,2022-10-17,100.50055677401068,107.15020786920465,IT
TCS,2022-10-17,99.95650359565595,107.17240238425572,IT
WIPRO,2022-10-17,100.15615350415567,115.15783796400015,IT
MAHINDRA,2022-10-17,101.51871673967234,111.01843406176812,IT
SONATA,2022-10-17,100.20376675411772,108.1715533974696,IT
INFOSYS,2022-10-18,100.48956257668567,108.12057643667735,IT
TCS,2022-10-18,99.96326564616841,108.00477661446074,IT
WIPRO,2022-10-18,100.161681859588,115.58952948313826,IT
MAHINDRA,2022-10-18,101.58733966322016,112.19534400031229,IT
SONATA,2022-10-18,100.1221227366147,107.39215148143022,IT
INFOSYS,2022-10-19,100.32021876335443,106.5230314289225,IT
TCS,2022-10-19,99.83720556601436,106.46143789457204,IT
WIPRO,2022-10-19,100.1371631219603,114.78164958419401,IT
MAHINDRA,2022-10-19,101.5438080847221,111.87013922604385,IT
SONATA,2022-10-19,100.1594211492964,107.53194339992415,IT
INFOSYS,2022-10-20,100.41168418545135,107.15657123222394,IT
TCS,2022-10-20,99.95754543680367,107.85010989841604,IT
WIPRO,2022-10-20,100.16888288854787,115.08478134982735,IT
MAHINDRA,2022-10-20,101.53126056063905,111.36800236365633,IT
SONATA,2022-10-20,100.1753833816066,107.64454455243768,IT
INFOSYS,2022-10-21,100.39966047456785,106.87423841821973,IT
TCS,2022-10-21,99.85614474037361,107.30783181526836,IT
WIPRO,2022-10-21,100.17949911916362,115.47154465241407,IT
MAHINDRA,2022-10-21,101.56655834941633,111.54104086782336,IT
SONATA,2022-10-21,100.17415473663839,107.65699610960941,IT
INFOSYS,2022-10-24,100.43376270834301,106.33804139630385,IT
TCS,2022-10-24,99.8412885406553,106.82413127952702,IT
WIPRO,2022-10-24,100.16318789045292,114.93354607582803,IT
MAHINDRA,2022-10-24,101.58537041982,110.74823174983798,IT
SONATA,2022-10-24,100.17102522529694,107.76934501541407,IT
INFOSYS,2022-10-25,100.55562122166539,106.71603430109658,IT
TCS,2022-10-25,99.90365366958464,107.75958244614428,IT
WIPRO,2022-10-25,100.18433557074334,115.96352672647834,IT
MAHINDRA,2022-10-25,101.67983268437105,111.30764180359651,IT
SONATA,2022-10-25,100.1507481838935,107.04197069587848,IT
INFOSYS,2022-10-27,100.61568083208488,107.83924578050808,IT
TCS,2022-10-27,99.81673458827323,107.30061093003417,IT
WIPRO,2022-10-27,100.13378831987744,115.32893735562965,IT
MAHINDRA,2022-10-27,101.72094475516819,110.87614256644974,IT
SONATA,2022-10-27,100.24157484726274,108.14085628723721,IT
INFOSYS,2022-10-28,100.49203993846274,106.82269189480618,IT
TCS,2022-10-28,99.80303585034895,107.5004984192951,IT
WIPRO,2022-10-28,100.12740742208997,115.53373960957634,IT
MAHINDRA,2022-10-28,101.80330442533464,110.49124698198827,IT
SONATA,2022-10-28,100.16458224917704,106.96288294455982,IT
INFOSYS,2022-10-31,100.53460699666698,105.89930238137256,IT
TCS,2022-10-31,99.75747479601063,106.02121586449476,IT
WIPRO,2022-10-31,100.10677792258733,114.67188251765313,IT
MAHINDRA,2022-10-31,101.92256664828669,112.01393823356057,IT
SONATA,2022-10-31,100.26751790341356,108.16744033761809,IT
INFOSYS,2022-11-01,100.72857057459838,107.79097812207601,IT
TCS,2022-11-01,99.9481231726642,107.40343092825984,IT
WIPRO,2022-11-01,100.14613095905133,114.6869697664588,IT
MAHINDRA,2022-11-01,101.89622663416357,111.55704843654154,IT
SONATA,2022-11-01,100.18644944399352,108.00361009652752,IT
INFOSYS,2022-11-02,100.61268169442674,108.07603552002266,IT
TCS,2022-11-02,99.91798942614936,108.04155067197011,IT
WIPRO,2022-11-02,100.18444848390362,116.14800688467977,IT
MAHINDRA,2022-11-02,101.91356887550218,112.63879817951629,IT
SONATA,2022-11-02,100.13042716280478,107.04542565887475,IT
INFOSYS,2022-11-03,100.45039682992018,108.18626736261879,IT
TCS,2022-11-03,99.78612917246687,107.23700168058818,IT
WIPRO,2022-11-03,100.12106989347643,115.11173386937823,IT
MAHINDRA,2022-11-03,101.82754939107292,111.85245195165461,IT
SONATA,2022-11-03,100.22070720833514,107.70289453213098,IT
INFOSYS,2022-11-04,100.2704213685406,107.76129034445601,IT
TCS,2022-11-04,99.78257717874433,107.18448581050569,IT
WIPRO,2022-11-04,100.12980509976585,115.4061635394858,IT
MAHINDRA,2022-11-04,101.8166562047381,111.33303813194979,IT
SONATA,2022-11-04,100.21056665806584,107.18669415006094,IT
INFOSYS,2022-11-07,100.15989145068518,106.70897291033548,IT
TCS,2022-11-07,99.78740026353506,107.47954633654977,IT
WIPRO,2022-11-07,100.1180508799241,115.15505695021021,IT
MAHINDRA,2022-11-07,101.85539566426274,112.36912446550029,IT
SONATA,2022-11-07,100.27930956434291,107.60487682563664,IT
INFOSYS,2022-11-09,100.2208666949683,107.00955942938185,IT
TCS,2022-11-09,99.74518485445928,106.86690729096038,IT
WIPRO,2022-11-09,100.12377067561228,115.09964838755609,IT
MAHINDRA,2022-11-09,101.79515915489276,113.5743021733235,IT
SONATA,2022-11-09,100.28414224343841,107.31331862547593,IT
INFOSYS,2022-11-10,100.23283499502622,105.06048947122446,IT
TCS,2022-11-10,99.8006628504194,105.75547733729894,IT
WIPRO,2022-11-10,100.13334730868279,114.51524855387571,IT
MAHINDRA,2022-11-10,101.62012174492033,113.81127094298233,IT
SONATA,2022-11-10,100.33355997191511,108.18479580340475,IT
INFOSYS,2022-11-11,100.56371110865597,106.25400873220103,IT
TCS,2022-11-11,100.03395975046095,106.57575898310569,IT
WIPRO,2022-11-11,100.1836218628145,115.74285700551698,IT
MAHINDRA,2022-11-11,101.42287478044186,112.1935390655514,IT
SONATA,2022-11-11,100.24978862148961,106.91878438252652,IT
INFOSYS,2022-11-14,100.6995103226387,106.97207305287925,IT
TCS,2022-11-14,100.13621902703146,107.66400861285958,IT
WIPRO,2022-11-14,100.14842756749907,115.42480228611655,IT
MAHINDRA,2022-11-14,101.37958528324508,111.23323818143993,IT
SONATA,2022-11-14,100.35956370581937,107.51731986767153,IT
INFOSYS,2022-11-15,100.71767868505854,106.68135953979005,IT
TCS,2022-11-15,100.06436876502784,106.62367617448126,IT
WIPRO,2022-11-15,100.13537407982923,115.05746884903391,IT
MAHINDRA,2022-11-15,101.42765919930045,112.0665784574114,IT
SONATA,2022-11-15,100.37779528645707,107.76475193068981,IT
INFOSYS,2022-11-16,100.78352368316047,107.55550401176473,IT
TCS,2022-11-16,100.15898097876173,107.06019427585682,IT
WIPRO,2022-11-16,100.14788811484844,115.25176434295926,IT
MAHINDRA,2022-11-16,101.39644058354183,113.11808895801579,IT
SONATA,2022-11-16,100.35817875643093,107.70571460728387,IT
INFOSYS,2022-11-17,100.70610536261175,106.63616104758529,IT
TCS,2022-11-17,100.18372400569422,107.18537644839682,IT
WIPRO,2022-11-17,100.14687774081729,115.6337185123939,IT
MAHINDRA,2022-11-17,101.26535883335634,113.5465265271164,IT
SONATA,2022-11-17,100.34759305725305,108.69188463928137,IT
INFOSYS,2022-11-18,100.7793579797143,107.6921385352523,IT
TCS,2022-11-18,100.18842386331951,108.12976381943751,IT
WIPRO,2022-11-18,100.11928837138161,115.61939233436983,IT
MAHINDRA,2022-11-18,101.09386236958555,111.67705401431493,IT
SONATA,2022-11-18,100.18644849655047,107.47724422401014,IT
INFOSYS,2022-11-21,100.6795808540262,106.61301887637596,IT
TCS,2022-11-21,100.04212115824677,106.76713590872046,IT
WIPRO,2022-11-21,100.09270298756427,115.54821248697941,IT
MAHINDRA,2022-11-21,101.09968309825713,111.46076704710676,IT
SONATA,2022-11-21,100.21077027680685,107.9106958774852,IT
INFOSYS,2022-11-22,100.75661026371553,107.27432221041771,IT
TCS,2022-11-22,100.1137368007865,107.51363571137401,IT
WIPRO,2022-11-22,100.07107419791156,115.33893762164823,IT
MAHINDRA,2022-11-22,101.12602638733668,111.39112499706818,IT
SONATA,2022-11-22,100.16891082294171,107.37243047006328,IT
INFOSYS,2022-11-23,100.7252525275494,105.73600752644666,IT
TCS,2022-11-23,100.06593387931399,106.32807376659714,IT
WIPRO,2022-11-23,100.06400183059343,114.3307266381643,IT
MAHINDRA,2022-11-23,101.15898796938613,111.51672605414421,IT
SONATA,2022-11-23,100.20923962494894,107.73966644673868,IT
INFOSYS,2022-11-24,100.94645241342981,106.92253215775341,IT
TCS,2022-11-24,100.20793378876104,107.09896687330328,IT
WIPRO,2022-11-24,100.12708945306058,114.50896841904297,IT
MAHINDRA,2022-11-24,101.18003316939145,111.4494975061639,IT
SONATA,2022-11-24,100.19348579614682,106.08514428963858,IT
INFOSYS,2022-11-25,100.97280467068556,107.88631245301079,IT
TCS,2022-11-25,100.22647669856259,107.3110638026146,IT
WIPRO,2022-11-25,100.17779835972085,114.9118879234261,IT
MAHINDRA,2022-11-25,101.20746777533051,112.54870795983913,IT
SONATA,2022-11-25,100.43093601102308,105.4466311415127,IT
INFOSYS,2022-11-28,100.84101306457751,107.04385600279188,IT
TCS,2022-11-28,100.2110478525188,107.43136696490735,IT
WIPRO,2022-11-28,100.20045780392898,115.5518389682461,IT
MAHINDRA,2022-11-28,101.13058509153808,111.57848378283283,IT
SONATA,2022-11-28,100.76723952141613,108.2557700668656,IT
INFOSYS,2022-11-29,100.84742799268174,107.38719850880422,IT
TCS,2022-11-29,100.17636356872494,108.07845565524227,IT
WIPRO,2022-11-29,100.17855327685541,115.47543585747886,IT
MAHINDRA,2022-11-29,101.14576252177811,109.42667783303594,IT
SONATA,2022-11-29,100.67222574173708,107.40164240752587,IT
INFOSYS,2022-11-30,100.79753822565492,106.25475169293745,IT
TCS,2022-11-30,100.03826971236502,105.21048175111366,IT
WIPRO,2022-11-30,100.16197135119536,114.21267549080163,IT
MAHINDRA,2022-11-30,101.36561737107154,112.67948552919901,IT
SONATA,2022-11-30,100.70827184726333,108.07412638651522,IT
INFOSYS,2022-12-01,100.93353103479289,107.51101008911688,IT
TCS,2022-12-01,100.35974100378975,107.61785837663584,IT
WIPRO,2022-12-01,100.23335018079234,115.00642034923021,IT
MAHINDRA,2022-12-01,101.27619754596736,112.97992356302849,IT
SONATA,2022-12-01,100.64114799736818,107.11499752622295,IT
INFOSYS,2022-12-02,100.86329277684267,107.01522412639828,IT
TCS,2022-12-02,100.29512255608066,107.59557507540548,IT
WIPRO,2022-12-02,100.24943386477949,115.26641363721653,IT
MAHINDRA,2022-12-02,101.15836744609467,112.04422236341254,IT
SONATA,2022-12-02,100.72119943669398,107.35154103171661,IT
INFOSYS,2022-12-05,100.87440807492402,108.12762944505438,IT
TCS,2022-12-05,100.23411307366625,108.02159537753147,IT
WIPRO,2022-12-05,100.24740176290462,115.18478150317813,IT
MAHINDRA,2022-12-05,101.12935225198014,111.30980369071102,IT
SONATA,2022-12-05,100.76495986028888,107.23482160686632,IT
INFOSYS,2022-12-06,100.7032621966852,107.09666896990605,IT
TCS,2022-12-06,100.10502403067994,106.9384815943569,IT
WIPRO,2022-12-06,100.25105764751396,115.83463068765478,IT
MAHINDRA,2022-12-06,101.17003645830886,111.19152457043414,IT
SONATA,2022-12-06,100.82668257659,108.05048708574931,IT
INFOSYS,2022-12-07,100.70101580066908,106.5814822052053,IT
TCS,2022-12-07,100.14923970935065,108.2700206072929,IT
WIPRO,2022-12-07,100.20944984630323,115.91333237541046,IT
MAHINDRA,2022-12-07,101.22197437705867,111.47441138319454,IT
SONATA,2022-12-07,100.76310758590863,107.21124316550686,IT
INFOSYS,2022-12-08,100.78323623572768,109.07537682459709,IT
TCS,2022-12-08,99.9806154361676,108.23866641104382,IT
WIPRO,2022-12-08,100.16238256898443,116.57395283397592,IT
MAHINDRA,2022-12-08,101.24705308625884,111.8123365752507,IT
SONATA,2022-12-08,100.82845459088017,107.23889801274477,IT
INFOSYS,2022-12-09,100.45761970794621,108.16016020604492,IT
TCS,2022-12-09,99.81726853432866,107.38946795975994,IT
WIPRO,2022-12-09,100.0694108899549,114.81279945585808,IT
MAHINDRA,2022-12-09,101.24003198078962,111.82489752343336,IT
SONATA,2022-12-09,100.88958903176673,108.59235112063585,IT
INFOSYS,2022-12-12,100.28188284154228,106.32586681423514,IT
TCS,2022-12-12,99.78940043226673,106.51086417724474,IT
WIPRO,2022-12-12,100.09894130437354,115.4170921293039,IT
MAHINDRA,2022-12-12,101.23181843073549,111.03482795982848,IT
SONATA,2022-12-12,100.74283148433065,108.44347938162365,IT
INFOSYS,2022-12-13,100.4055481204279,106.94665087446076,IT
TCS,2022-12-13,99.90178161142515,106.56949183991779,IT
WIPRO,2022-12-13,100.08643055212546,115.01991541044491,IT
MAHINDRA,2022-12-13,101.29868827956032,111.7686347310427,IT
SONATA,2022-12-13,100.61908322353253,108.67468587268232,IT
INFOSYS,2022-12-14,100.42781764926526,107.96868359314347,IT
TCS,2022-12-14,100.00490845830848,107.65282403819177,IT
WIPRO,2022-12-14,100.10155158782587,115.16066575856817,IT
MAHINDRA,2022-12-14,101.29581664480847,110.68774165184475,IT
SONATA,2022-12-14,100.46013166877887,108.49043439379977,IT
INFOSYS,2022-12-15,100.28331654650177,107.38324425616857,IT
TCS,2022-12-15,99.93493749051629,108.28416772459119,IT
WIPRO,2022-12-15,100.10688016346809,115.67283646868272,IT
MAHINDRA,2022-12-15,101.39576954548261,113.27002791460909,IT
SONATA,2022-12-15,100.32955979802581,108.03255735025628,IT
INFOSYS,2022-12-16,100.23435032738615,108.42816068397241,IT
TCS,2022-12-16,99.76442217441365,109.00462834530329,IT
WIPRO,2022-12-16,100.07658159899606,115.96997968501415,IT
MAHINDRA,2022-12-16,101.25027382717175,110.00959084592716,IT
SONATA,2022-12-16,100.26903643790148,106.77532387496778,IT
INFOSYS,2022-12-19,100.01547440799078,106.94431538166091,IT
TCS,2022-12-19,99.4798480511246,105.89420470065052,IT
WIPRO,2022-12-19,100.0256403150625,115.11729314906418,IT
MAHINDRA,2022-12-19,101.41477129666211,112.52049771027873,IT
SONATA,2022-12-19,100.40080813315686,108.7065777122326,IT
INFOSYS,2022-12-20,100.03803759432073,106.21617745299866,IT
TCS,2022-12-20,99.69024058819232,105.62232770202515,IT
WIPRO,2022-12-20,100.03398063443606,114.3908744298281,IT
MAHINDRA,2022-12-20,101.34041132461594,111.53293858535677,IT
SONATA,2022-12-20,100.23733713232784,107.14687095433764,IT
INFOSYS,2022-12-21,100.17930082281813,106.16761446057154,IT
TCS,2022-12-21,99.94459728327809,107.10244393249373,IT
WIPRO,2022-12-21,100.0928622555095,115.08856477161417,IT
MAHINDRA,2022-12-21,101.35995216390215,113.38132908988479,IT
SONATA,2022-12-21,100.31219071580384,106.88535484989418,IT
INFOSYS,2022-12-22,100.32870107153389,106.98375878873547,IT
TCS,2022-12-22,99.96253586545211,106.47098015091746,IT
WIPRO,2022-12-22,100.10320716435574,116.05187157610779,IT
MAHINDRA,2022-12-22,101.20395474819578,110.95960999294405,IT
SONATA,2022-12-22,100.42715627018,107.37542288949612,IT
INFOSYS,2022-12-23,100.34489455851039,107.69099863118234,IT
TCS,2022-12-23,100.08149867709425,107.58191161360611,IT
WIPRO,2022-12-23,100.04656070548721,115.53401466617294,IT
MAHINDRA,2022-12-23,101.27795822357932,111.85205521419958,IT
SONATA,2022-12-23,100.46713067421452,106.786318135178,IT
INFOSYS,2022-12-26,100.24573329044068,106.95225437813045,IT
TCS,2022-12-26,100.02280200770778,107.62229574276289,IT
WIPRO,2022-12-26,100.0259287442951,114.55324299686399,IT
MAHINDRA,2022-12-26,101.26716152122205,112.40636200157358,IT
SONATA,2022-12-26,100.59747491269034,106.44240599718403,IT
INFOSYS,2022-12-27,100.26705314009013,107.27572427314516,IT
TCS,2022-12-27,99.95769208028354,107.23248785839922,IT
WIPRO,2022-12-27,100.07350530624227,114.97048243471987,IT
MAHINDRA,2022-12-27,101.2037392130152,110.5871597811649,IT
SONATA,2022-12-27,100.78087944278928,107.8720975287058,IT
INFOSYS,2022-12-28,100.2356192068872,106.99925130094994,IT
TCS,2022-12-28,99.95485502796357,107.23307023756834,IT
WIPRO,2022-12-28,100.09206389549024,114.95735421583811,IT
MAHINDRA,2022-12-28,101.31317143675044,111.41667236844728,IT
SONATA,2022-12-28,100.74470569666435,108.4307942572764,IT
INFOSYS,2022-12-29,100.24927060864604,107.19237365355802,IT
TCS,2022-12-29,99.9519250276306,107.12143877959699,IT
WIPRO,2022-12-29,100.11153958635867,114.50985851233781,IT
MAHINDRA,2022-12-29,101.34376410371151,112.18075321039267,IT
SONATA,2022-12-29,100.62289804205798,107.21843054939123,IT
INFOSYS,2022-12-30,100.23142911391555,106.68136753980477,IT
TCS,2022-12-30,99.96682962811438,107.54260418646194,IT
WIPRO,2022-12-30,100.16217862048765,115.55744051597154,IT
MAHINDRA,2022-12-30,101.30172306800046,111.29306583300752,IT
SONATA,2022-12-30,100.68705049556492,106.66845268685388,IT
INFOSYS,2023-01-02,100.29695491623653,107.29960734076856,IT
TCS,2023-01-02,99.91447327535067,106.01023340999225,IT
WIPRO,2023-01-02,100.13989266826493,114.62770956717033,IT
MAHINDRA,2023-01-02,101.34406875077131,112.71374035436965,IT
SONATA,2023-01-02,100.83581678394133,107.90873054295525,IT
INFOSYS,2023-01-03,100.2616172919934,107.67787123990585,IT
TCS,2023-01-03,100.10718215149546,106.1633052628135,IT
WIPRO,2023-01-03,100.1823357569091,115.84949836113962,IT
MAHINDRA,2023-01-03,101.25141671948856,111.74511089946523,IT
SONATA,2023-01-03,100.79399801503295,107.3444022733968,IT
INFOSYS,2023-01-04,100.16467532747743,107.85447068974295,IT
TCS,2023-01-04,100.27568398923628,107.05319453288338,IT
WIPRO,2023-01-04,100.1397220903817,115.56191381399782,IT
MAHINDRA,2023-01-04,101.25078102731737,110.50759720157014,IT
SONATA,2023-01-04,100.83888764182583,106.83119437455159,IT
INFOSYS,2023-01-05,100.03911388840024,107.88285754833302,IT
TCS,2023-01-05,100.30157819706837,109.3362256087134,IT
WIPRO,2023-01-05,100.11712992460612,115.63041963910122,IT
MAHINDRA,2023-01-05,101.3678391509809,110.40317122758326,IT
SONATA,2023-01-05,100.96280009363869,107.10961390542718,IT
INFOSYS,2023-01-06,99.90910176410345,106.26872303006992,IT
TCS,2023-01-06,99.96264684290489,105.41100372431987,IT
WIPRO,2023-01-06,100.08977818015588,114.36027302832615,IT
MAHINDRA,2023-01-06,101.49498806242943,110.0045514602927,IT
SONATA,2023-01-06,101.04393708644717,108.54886919050873,IT
INFOSYS,2023-01-09,100.04161900801545,107.05075819250094,IT
TCS,2023-01-09,100.25164378245161,107.1934847877395,IT
WIPRO,2023-01-09,100.15082404722403,114.22366862582308,IT
MAHINDRA,2023-01-09,101.66036454788856,110.62076280635529,IT
SONATA,2023-01-09,100.90363196675008,107.24941223941096,IT
INFOSYS,2023-01-10,100.046859615486,106.93112237552536,IT
TCS,2023-01-10,100.25504758434965,105.93366913743844,IT
WIPRO,2023-01-10,100.2214286208576,115.00657568499,IT
MAHINDRA,2023-01-10,101.7670786295117,111.7969109813228,IT
SONATA,2023-01-10,100.9631931705283,107.71367842965968,IT
INFOSYS,2023-01-11,100.07157818313148,106.45591578480683,IT
TCS,2023-01-11,100.46072993930666,106.86015995442921,IT
WIPRO,2023-01-11,100.23749956794067,114.95425417709963,IT
MAHINDRA,2023-01-11,101.76149411852471,111.11586704362493,IT
SONATA,2023-01-11,100.9513185245086,107.99996973341658,IT
INFOSYS,2023-01-12,100.17376444170192,106.33692843568687,IT
TCS,2023-01-12,100.51769046521181,106.60567729162617,IT
WIPRO,2023-01-12,100.25721962084197,115.76659077862399,IT
MAHINDRA,2023-01-12,101.82096700916739,111.6782230216801,IT
SONATA,2023-01-12,100.89542800211817,107.10314984930999,IT
INFOSYS,2023-01-13,100.2954893086676,105.72763108652488,IT
TCS,2023-01-13,100.61562833044512,106.13466430700034,IT
WIPRO,2023-01-13,100.22034680820508,114.07873859511278,IT
MAHINDRA,2023-01-13,101.82671791374835,112.2320739177183,IT
SONATA,2023-01-13,100.97750642573799,107.81938615682074,IT
INFOSYS,2023-01-16,100.51711816436467,107.05847853374621,IT
TCS,2023-01-16,100.78960730280474,106.79585966812853,IT
WIPRO,2023-01-16,100.3011111655715,116.33424045785218,IT
MAHINDRA,2023-01-16,101.77957784961599,112.13081037300694,IT
SONATA,2023-01-16,100.9493688497941,108.09488833606495,IT
INFOSYS,2023-01-17,100.521121099644,107.26360078427237,IT
TCS,2023-01-17,100.85712473974253,107.47783720080955,IT
WIPRO,2023-01-17,100.22469378811373,114.40959155216815,IT
MAHINDRA,2023-01-17,101.74212142921995,112.15895428810667,IT
SONATA,2023-01-17,100.8788944310059,107.61439372258415,IT
INFOSYS,2023-01-18,100.49158887742652,107.16270556498822,IT
TCS,2023-01-18,100.8147320432764,107.3885950565629,IT
WIPRO,2023-01-18,100.28238229678215,114.95809959987692,IT
MAHINDRA,2023-01-18,101.70199431270761,111.64148320028578,IT
SONATA,2023-01-18,100.88229273088305,107.54961327418742,IT
INFOSYS,2023-01-19,100.47855299004442,107.40858725266717,IT
TCS,2023-01-19,100.78672602399018,107.07493609770141,IT
WIPRO,2023-01-19,100.3018430452069,114.94544803416575,IT
MAHINDRA,2023-01-19,101.71124469768414,111.67428165480763,IT
SONATA,2023-01-19,100.89565266510438,107.20402109723646,IT
INFOSYS,2023-01-20,100.42535304691171,106.3520719290066,IT
TCS,2023-01-20,100.80924843446402,106.23512410321305,IT
WIPRO,2023-01-20,100.3221899176573,114.89398302418816,IT
MAHINDRA,2023-01-20,101.71736556511794,111.30647984245368,IT
SONATA,2023-01-20,100.96219760717878,107.3212484075875,IT
INFOSYS,2023-01-23,100.54490360289279,106.8888063366937,IT
TCS,2023-01-23,100.96732336550357,106.61229971619854,IT
WIPRO,2023-01-23,100.34613108654138,115.1225771074607,IT
MAHINDRA,2023-01-23,101.75860379146769,112.01532700456988,IT
SONATA,2023-01-23,101.01072812382777,105.387798853252,IT
INFOSYS,2023-01-24,100.57667073897896,106.55757737483378,IT
TCS,2023-01-24,101.06462861658234,106.1816494576129,IT
WIPRO,2023-01-24,100.3541295378279,115.231568018722,IT
MAHINDRA,2023-01-24,101.73217363009184,111.48233640795874,IT
SONATA,2023-01-24,101.35809156976039,107.13924628402607,IT
INFOSYS,2023-01-25,100.66270753073881,107.03446184569769,IT
TCS,2023-01-25,101.23176916178392,106.16506069793299,IT
WIPRO,2023-01-25,100.3545257846931,114.6616928977919,IT
MAHINDRA,2023-01-25,101.7566219531222,109.8692055436467,IT
SONATA,2023-01-25,101.43496167201344,108.17832817267845,IT
INFOSYS,2023-01-27,100.67064973456817,106.28161203288036,IT
TCS,2023-01-27,101.40187895465942,106.81382920891004,IT
WIPRO,2023-01-27,100.39468751461506,114.61737125456376,IT
MAHINDRA,2023-01-27,101.93539006998675,111.23434281862455,IT
SONATA,2023-01-27,101.35126890382668,107.82468329445928,IT
INFOSYS,2023-01-30,100.80206063386473,107.39736055476503,IT
TCS,2023-01-30,101.46689056893872,109.44744394832213,IT
WIPRO,2023-01-30,100.43796060908826,115.95586505983435,IT
MAHINDRA,2023-01-30,101.98362180156069,108.86021951978665,IT
SONATA,2023-01-30,101.32220943033316,107.51430750012037,IT
INFOSYS,2023-01-31,100.7505285327247,106.00050895414064,IT
TCS,2023-01-31,101.1061106677503,105.53370914171785,IT
WIPRO,2023-01-31,100.38781971087776,114.34512106612088,IT
MAHINDRA,2023-01-31,102.25976340511757,113.18596729510955,IT
SONATA,2023-01-31,101.34108122403235,106.54704305661879,IT
INFOSYS,2023-02-01,100.92825919172493,105.40383127197401,IT
TCS,2023-02-01,101.3784748129291,105.68605612354129,IT
WIPRO,2023-02-01,100.4501058746163,113.84026746809874,IT
MAHINDRA,2023-02-01,102.12107040591144,111.68814105005242,IT
SONATA,2023-02-01,101.50962416807248,107.19437592829281,IT
INFOSYS,2023-02-02,101.20471550824426,107.3957929492219,IT
TCS,2023-02-02,101.62676180536982,107.95195034960933,IT
WIPRO,2023-02-02,100.54773446535563,116.62229094242744,IT
MAHINDRA,2023-02-02,102.1258878923506,110.69620011744412,IT
SONATA,2023-02-02,101.5780681882365,108.86917968967296,IT
INFOSYS,2023-02-03,101.1532353937761,108.16619753060006,IT
TCS,2023-02-03,101.50716308927957,107.35461767043947,IT
WIPRO,2023-02-03,100.45103335296545,115.4700351627408,IT
MAHINDRA,2023-02-03,102.22584780220393,112.0514685465393,IT
SONATA,2023-02-03,101.38759634843052,107.71796854559211,IT
INFOSYS,2023-02-06,100.97529162765068,107.26660166444906,IT
TCS,2023-02-06,101.48447406558464,106.61488421605405,IT
WIPRO,2023-02-06,100.43478326865608,115.85035787121734,IT
MAHINDRA,2023-02-06,102.19583184048923,112.10930885747815,IT
SONATA,2023-02-06,101.37500904645192,107.7334243647114,IT
INFOSYS,2023-02-07,100.94513331212387,106.34080601740338,IT
TCS,2023-02-07,101.58185771691852,106.70183126915121,IT
WIPRO,2023-02-07,100.3920022721309,114.68950609019635,IT
MAHINDRA,2023-02-07,102.16028237574942,112.0613643527827,IT
SONATA,2023-02-07,101.36003604877237,105.76407063820531,IT
INFOSYS,2023-02-08,101.06715717427497,105.85989121204294,IT
TCS,2023-02-08,101.66519397632202,106.7495180268592,IT
WIPRO,2023-02-08,100.43023675873273,115.03516203042903,IT
MAHINDRA,2023-02-08,102.12933772678798,111.89382607538857,IT
SONATA,2023-02-08,101.65010892019457,106.96796281138631,IT
INFOSYS,2023-02-09,101.26865361378714,107.33806286304079,IT
TCS,2023-02-09,101.74083826326583,107.10117398716882,IT
WIPRO,2023-02-09,100.44434515543728,115.55536248969813,IT
MAHINDRA,2023-02-09,102.11444878499503,111.98039336177301,IT
SONATA,2023-02-09,101.75378262250132,107.06017276851311,IT
INFOSYS,2023-02-10,101.22664305621208,108.76214301810016,IT
TCS,2023-02-10,101.75930581487282,108.30289121052142,IT
WIPRO,2023-02-10,100.42214143154057,115.8654175246822,IT
MAHINDRA,2023-02-10,102.09127142737937,112.10509421260112,IT
SONATA,2023-02-10,101.84323532521486,107.43086960563117,IT
INFOSYS,2023-02-13,100.95087015252679,106.49632482389856,IT
TCS,2023-02-13,101.5826430836005,107.59471052778207,IT
WIPRO,2023-02-13,100.37831559103677,115.06187448015686,IT
MAHINDRA,2023-02-13,102.05616175263852,111.8585633399834,IT
SONATA,2023-02-13,101.87516124150592,108.28993764143272,IT
INFOSYS,2023-02-14,101.04730478173218,107.27342286342775,IT
TCS,2023-02-14,101.52099059135277,107.10896189839437,IT
WIPRO,2023-02-14,100.39055254038674,115.16930637504657,IT
MAHINDRA,2023-02-14,102.0446590643047,111.14682388987217,IT
SONATA,2023-02-14,101.7738081754097,107.45478625638579,IT
INFOSYS,2023-02-15,101.01600432398338,106.93556589139905,IT
TCS,2023-02-15,101.53815419781272,106.27550267501343,IT
WIPRO,2023-02-15,100.39529353060088,114.84800378943208,IT
MAHINDRA,2023-02-15,102.10133023811345,112.51767318144981,IT
SONATA,2023-02-15,101.80200050367762,106.81928993965039,IT
INFOSYS,2023-02-16,101.04023175271091,107.57401609268226,IT
TCS,2023-02-16,101.69079938476136,108.31084447679329,IT
WIPRO,2023-02-16,100.42246218432255,115.52715422382309,IT
MAHINDRA,2023-02-16,102.02673703955507,112.95161481213302,IT
SONATA,2023-02-16,101.92894798897062,106.82707471553883,IT
INFOSYS,2023-02-17,100.95957807099978,106.21077029996032,IT
TCS,2023-02-17,101.51296750316669,107.05623668604672,IT
WIPRO,2023-02-17,100.4022313555268,114.66000014586277,IT
MAHINDRA,2023-02-17,101.91073731469072,110.98359877467533,IT
SONATA,2023-02-17,102.05484146312708,103.31884401388363,IT
INFOSYS,2023-02-20,101.10303321387273,107.65177358934045,IT
TCS,2023-02-20,101.53868740904656,108.14818359945725,IT
WIPRO,2023-02-20,100.4425303992907,115.98591885425289,IT
MAHINDRA,2023-02-20,101.98296061980389,111.30799374129501,IT
SONATA,2023-02-20,102.73083587421854,108.53016031821136,IT
INFOSYS,2023-02-21,101.00956205717705,106.75568336854896,IT
TCS,2023-02-21,101.3874326097707,107.11987939043081,IT
WIPRO,2023-02-21,100.39029123429206,115.5197679840767,IT
MAHINDRA,2023-02-21,102.02416155231242,112.45855551201267,IT
SONATA,2023-02-21,102.59110951545534,109.22553888494697,IT
INFOSYS,2023-02-22,101.06337007671829,107.45380138283618,IT
TCS,2023-02-22,101.40280402541222,106.61883348841438,IT
WIPRO,2023-02-22,100.37058206353922,115.28247980498412,IT
MAHINDRA,2023-02-22,101.95527560739166,111.9001613247441,IT
SONATA,2023-02-22,102.34325934441864,104.79391590814551,IT
INFOSYS,2023-02-23,101.00243511353091,106.87973711099383,IT
TCS,2023-02-23,101.49946805459182,107.34502018728996,IT
WIPRO,2023-02-23,100.36742675170953,115.16410524998653,IT
MAHINDRA,2023-02-23,101.93980621186476,113.66116589848156,IT
SONATA,2023-02-23,102.78855881284042,109.06023919309212,IT
INFOSYS,2023-02-24,101.03583797083732,108.87795152296025,IT
TCS,2023-02-24,101.47833694989919,108.8030957656566,IT
WIPRO,2023-02-24,100.37252951621399,115.49443299855386,IT
MAHINDRA,2023-02-24,101.75624145473121,112.84957433140566,IT
SONATA,2023-02-24,102.5660078645307,106.37721662347276,IT
INFOSYS,2023-02-27,100.7416567627174,107.81090793571775,IT
TCS,2023-02-27,101.22138331534914,107.27342061672199,IT
WIPRO,2023-02-27,100.35459062986611,115.49665407743609,IT
MAHINDRA,2023-02-27,101.65026987224421,110.5476995257106,IT
SONATA,2023-02-27,102.76322955327235,106.89275323217868,IT
INFOSYS,2023-02-28,100.62249415213799,107.29537620667534,IT
TCS,2023-02-28,101.21188942454192,105.91527476059868,IT
WIPRO,2023-02-28,100.33650008242526,115.11671530671663,IT
MAHINDRA,2023-02-28,101.76395656491088,112.26076428695637,IT
SONATA,2023-02-28,102.87984284915542,104.80339307894226,IT
INFOSYS,2023-03-01,100.58773396660997,107.74859890405271,IT
TCS,2023-03-01,101.42252255582035,108.36513540452626,IT
WIPRO,2023-03-01,100.34490662648696,115.23924071184491,IT
MAHINDRA,2023-03-01,101.71410888604176,112.45462656592446,IT
SONATA,2023-03-01,103.32597812801738,104.94417692311265,IT
INFOSYS,2023-03-02,100.47892655455364,107.90084490279116,IT
TCS,2023-03-02,101.23639112187051,108.12686426113922,IT
WIPRO,2023-03-02,100.34476770807235,115.95981091582004,IT
MAHINDRA,2023-03-02,101.64580672299972,111.90440786205167,IT
SONATA,2023-03-02,103.75169063256969,109.10216702291916,IT
INFOSYS,2023-03-03,100.34541031272028,106.1551423355783,IT
TCS,2023-03-03,101.08902586622219,107.00059958207575,IT
WIPRO,2023-03-03,100.29439840828557,115.10133198175649,IT
MAHINDRA,2023-03-03,101.6299794296468,112.15113361441006,IT
SONATA,2023-03-03,103.52045379990399,105.89881359199842,IT
INFOSYS,2023-03-06,100.49710041727019,108.01505788148705,IT
TCS,2023-03-06,101.12363248060856,106.91770849460798,IT
WIPRO,2023-03-06,100.30387397704517,115.64429114198236,IT
MAHINDRA,2023-03-06,101.59064167308551,110.714108275614,IT
SONATA,2023-03-06,103.79533370902026,108.20586485286256,IT
INFOSYS,2023-03-08,100.34494017949851,107.00344550073974,IT
TCS,2023-03-08,101.17165841335945,107.85352588367299,IT
WIPRO,2023-03-08,100.27550468799936,115.01394019401138,IT
MAHINDRA,2023-03-08,101.6883674638083,113.61989136307682,IT
SONATA,2023-03-08,103.70534483271517,107.0374180033445,IT
INFOSYS,2023-03-09,100.35792160883994,106.77222538456155,IT
TCS,2023-03-09,101.06847485824967,106.40707696448587,IT
WIPRO,2023-03-09,100.29107086629517,114.66205144519333,IT
MAHINDRA,2023-03-09,101.50917931335609,112.3065775024264,IT
SONATA,2023-03-09,103.80011602379359,109.83098009995112,IT
INFOSYS,2023-03-10,100.40867895299682,107.84845554548049,IT
TCS,2023-03-10,101.19910159995861,107.20232182410923,IT
WIPRO,2023-03-10,100.33118218838976,114.8115889013493,IT
MAHINDRA,2023-03-10,101.45509772323085,112.71213689598336,IT
SONATA,2023-03-10,103.45411718860892,105.34525176963524,IT
INFOSYS,2023-03-13,100.28379175282599,107.39000993459474,IT
TCS,2023-03-13,101.20110822185455,108.58239188458275,IT
WIPRO,2023-03-13,100.36087431910859,115.94325599906605,IT
MAHINDRA,2023-03-13,101.36249653617543,113.36610186759975,IT
SONATA,2023-03-13,103.81663810019639,104.62511580511406,IT
INFOSYS,2023-03-14,100.23372260583356,106.78726559996637,IT
TCS,2023-03-14,100.98038510524599,107.29362592081782,IT
WIPRO,2023-03-14,100.31165058534953,115.66526438788478,IT
MAHINDRA,2023-03-14,101.20793888977714,111.45025574047439,IT
SONATA,2023-03-14,104.2952957375541,107.96031815414277,IT
INFOSYS,2023-03-15,100.28196220473173,107.9674624945454,IT
TCS,2023-03-15,100.96765366205813,107.70800874112095,IT
WIPRO,2023-03-15,100.28181766319032,115.88387617512177,IT
MAHINDRA,2023-03-15,101.23530902463581,111.35992072145547,IT
SONATA,2023-03-15,104.24384986509558,108.95529060041791,IT
INFOSYS,2023-03-16,100.1378696067046,106.70704349683028,IT
TCS,2023-03-16,100.88811735508763,108.0255387939566,IT
WIPRO,2023-03-16,100.23676762308295,115.00877049121078,IT
MAHINDRA,2023-03-16,101.27127206918351,111.96049562481319,IT
SONATA,2023-03-16,104.0347518483295,108.85935060415449,IT
INFOSYS,2023-03-17,100.19914614421342,107.49526620145389,IT
TCS,2023-03-17,100.75755184217333,107.67304756260893,IT
WIPRO,2023-03-17,100.25268807052227,116.63175068857511,IT
MAHINDRA,2023-03-17,101.25017585271175,111.48971481049597,IT
SONATA,2023-03-17,103.84122602314332,106.75222816579527,IT
INFOSYS,2023-03-20,100.13198179592432,108.285658981502,IT
TCS,2023-03-20,100.68380231733984,108.9886035112324,IT
WIPRO,2023-03-20,100.15561283050178,115.90545873888698,IT
MAHINDRA,2023-03-20,101.27380709646943,112.74936010644299,IT
SONATA,2023-03-20,103.98135703542275,108.27497421159988,IT
INFOSYS,2023-03-21,99.93644671813985,107.34937216968841,IT
TCS,2023-03-21,100.39916967785848,106.71816329779129,IT
WIPRO,2023-03-21,100.10911843432683,115.42794637552134,IT
MAHINDRA,2023-03-21,101.17784110169926,111.68724506360336,IT
SONATA,2023-03-21,103.88027517657858,107.5495740277157,IT
INFOSYS,2023-03-22,99.89315171118372,107.53947660432337,IT
TCS,2023-03-22,100.47891083817399,106.98879823838777,IT
WIPRO,2023-03-22,100.09585136035818,115.90179096361679,IT
MAHINDRA,2023-03-22,101.18269915374466,111.351348752771,IT
SONATA,2023-03-22,103.89403835138643,105.92574417709277,IT
INFOSYS,2023-03-23,99.81901801404842,106.19277876459267,IT
TCS,2023-03-23,100.51520504569919,106.612098323285,IT
WIPRO,2023-03-23,100.04963964246788,114.61993506949936,IT
MAHINDRA,2023-03-23,101.21945784758697,112.07707095055035,IT
SONATA,2023-03-23,104.1656236125873,107.33038491134594,IT
INFOSYS,2023-03-24,99.96378253358245,106.81803097673098,IT
TCS,2023-03-24,100.61210699160367,107.38588980779622,IT
WIPRO,2023-03-24,100.09258557202935,115.51428223526167,IT
MAHINDRA,2023-03-24,101.18730750289845,112.76567201125896,IT
SONATA,2023-03-24,104.21424214025843,111.36782279862518,IT
INFOSYS,2023-03-27,100.00688445550198,107.53937204516407,IT
TCS,2023-03-27,100.58459202086758,107.21926182956838,IT
WIPRO,2023-03-27,100.07331633837526,116.11591932705934,IT
MAHINDRA,2023-03-27,101.08987783983586,112.21990128588715,IT
SONATA,2023-03-27,103.62496152953108,108.47244204950199,IT
INFOSYS,2023-03-28,99.9326833398438,107.32266372563404,IT
TCS,2023-03-28,100.58386324264102,107.23603114463586,IT
WIPRO,2023-03-28,100.01223714981046,115.2091660882209,IT
MAHINDRA,2023-03-28,101.04423234745765,111.25481901869671,IT
SONATA,2023-03-28,103.493110398293,108.91980003515066,IT
INFOSYS,2023-03-29,99.89372847981964,105.95102675475417,IT
TCS,2023-03-29,100.58043885869073,106.7520260884821,IT
WIPRO,2023-03-29,100.01418931300032,115.17099331069223,IT
MAHINDRA,2023-03-29,101.09009943339613,112.01413292017074,IT
SONATA,2023-03-29,103.29109394247085,102.32211299977902,IT
INFOSYS,2023-03-31,100.07801809959676,108.13407385428795,IT
TCS,2023-03-31,100.65487226644603,107.59598924531987,IT
WIPRO,2023-03-31,100.01879525177509,114.8625871317173,IT
MAHINDRA,2023-03-31,101.06395609960511,111.18502581014216,IT
SONATA,2023-03-31,104.13451058291292,106.11197318436587,IT
INFOSYS,2023-04-03,99.90717774848952,107.09291588935254,IT
TCS,2023-04-03,100.59357740333249,106.9074799322601,IT
WIPRO,2023-04-03,100.04484767906898,115.54361223784244,IT
MAHINDRA,2023-04-03,101.1164564122255,113.33588708238564,IT
SONATA,2023-04-03,104.37702280164089,109.49258841509942,IT
INFOSYS,2023-04-05,101.95975063401241,102.8172503751762,IT
TCS,2023-04-05,102.24398710290113,103.18075636438829,IT
WIPRO,2023-04-05,102.12115058224308,102.4818606969638,IT
MAHINDRA,2023-04-05,102.05532246669559,103.32875823968942,IT
SONATA,2023-04-05,101.1342236989711,101.26693206569828,IT
INFOSYS,2023-04-06,101.90311866691117,102.60625907201741,IT
TCS,2023-04-06,101.81522628626158,101.3170947843446,IT
WIPRO,2023-04-06,101.20625586606354,100.51184320970411,IT
MAHINDRA,2023-04-06,101.71735549783267,101.96889120572762,IT
SONATA,2023-04-06,101.83051164966828,102.35540683150458,IT
INFOSYS,2023-04-10,101.94430987874604,103.40167360026618,IT
TCS,2023-04-10,102.42303913658641,104.35433035610087,IT
WIPRO,2023-04-10,102.61133286652979,102.69741185238702,IT
MAHINDRA,2023-04-10,102.0437058779409,103.41561209932732,IT
SONATA,2023-04-10,101.6191152733286,100.93845676727113,IT
INFOSYS,2023-04-11,101.61768179941164,102.33705865727714,IT
TCS,2023-04-11,101.34874923946899,102.07883470719024,IT
WIPRO,2023-04-11,101.44198430870938,101.69505616524275,IT
MAHINDRA,2023-04-11,101.66357711755244,102.32610683013122,IT
SONATA,2023-04-11,102.59675455050423,102.97848981896142,IT
INFOSYS,2023-04-12,101.78345125906519,103.66149839213438,IT
TCS,2023-04-12,101.53023815498258,104.0067429442837,IT
WIPRO,2023-04-12,101.4459874165175,102.5142192180902,IT
MAHINDRA,2023-04-12,101.81479698324988,103.86850885489395,IT
SONATA,2023-04-12,101.86482820807063,103.19482331497706,IT
INFOSYS,2023-04-13,101.33794667861945,105.66352461863242,IT
TCS,2023-04-13,100.65377357580343,103.21192239058941,IT
WIPRO,2023-04-13,100.49995069888354,102.58207263031233,IT
MAHINDRA,2023-04-13,101.21652753990531,105.22576564032163,IT
SONATA,2023-04-13,100.960453232299,103.74085445466243,IT
INFOSYS,2023-04-17,99.98776765564607,102.5880866269513,IT
TCS,2023-04-17,100.21474986349722,102.42089514104956,IT
WIPRO,2023-04-17,99.485565772425,100.22913412824765,IT
MAHINDRA,2023-04-17,99.97493646350597,102.74255574844328,IT
SONATA,2023-04-17,99.62238419265287,102.07253596659693,IT
INFOSYS,2023-04-18,100.03645764564448,103.29074683950097,IT
TCS,2023-04-18,100.20727522699433,103.40047576086016,IT
WIPRO,2023-04-18,101.20149049699022,102.94041667245746,IT
MAHINDRA,2023-04-18,99.92380684182383,103.10481287479355,IT
SONATA,2023-04-18,99.64603130662688,101.00943813866604,IT
INFOSYS,2023-04-19,99.76612355759397,102.9216777021706,IT
TCS,2023-04-19,99.66833995976639,101.99109056542127,IT
WIPRO,2023-04-19,99.77162066280408,101.31536549020052,IT
MAHINDRA,2023-04-19,99.69960640804474,102.23759362496364,IT
SONATA,2023-04-19,100.54565257368812,102.54693603075356,IT
INFOSYS,2023-04-20,98.65251061636015,107.3460053070528,IT
TCS,2023-04-20,99.99671076376927,105.5389860242049,IT
WIPRO,2023-04-20,99.97126967879473,114.27418642066057,IT
MAHINDRA,2023-04-20,100.34980920627815,110.66504432726146,IT
SONATA,2023-04-20,103.11662468033455,107.84986642568991,IT
INFOSYS,2023-04-21,98.68172747381138,108.00181730106496,IT
TCS,2023-04-21,100.26107874894531,107.4010253331695,IT
WIPRO,2023-04-21,100.04209640863381,113.85373386283194,IT
MAHINDRA,2023-04-21,100.19320736778523,109.31403167786355,IT
SONATA,2023-04-21,103.2259577334833,109.93202824548533,IT
INFOSYS,2023-04-24,98.61342661431642,107.69858728882579,IT
TCS,2023-04-24,100.22619525176091,107.28352933162087,IT
WIPRO,2023-04-24,100.14215564749988,115.85096231892243,IT
MAHINDRA,2023-04-24,100.19716899787875,109.94743484665956,IT
SONATA,2023-04-24,103.05229501962296,107.04764603555086,IT
INFOSYS,2023-04-25,98.59021146820604,107.56230309639207,IT
TCS,2023-04-25,100.21019148722613,106.77151603681989,IT
WIPRO,2023-04-25,100.10370625550405,115.69190728613651,IT
MAHINDRA,2023-04-25,100.1259005421287,109.52803378728031,IT
SONATA,2023-04-25,103.27086918329728,110.12110485987597,IT
INFOSYS,2023-04-26,98.58725258101818,106.97361724954388,IT
TCS,2023-04-26,100.27647963661649,108.00415329894716,IT
WIPRO,2023-04-26,100.07629184699925,115.7371939907519,IT
MAHINDRA,2023-04-26,100.10444760595745,109.28111152995567,IT
SONATA,2023-04-26,103.07148781191968,107.58547729517728,IT
INFOSYS,2023-04-27,98.67186107727323,107.73182519766372,IT
TCS,2023-04-27,100.14480323766271,107.05175710760925,IT
WIPRO,2023-04-27,100.04574784260684,113.86823083582142,IT
MAHINDRA,2023-04-27,100.11231517122603,108.66886593490761,IT
SONATA,2023-04-27,103.21677939517438,107.9918781996247,IT
INFOSYS,2023-04-28,98.64369044714729,106.6337692414554,IT
TCS,2023-04-28,100.16602122728784,107.5995540742782,IT
WIPRO,2023-04-28,100.14480422291096,114.99397127028585,IT
MAHINDRA,2023-04-28,100.19295221915996,107.9566591615363,IT
SONATA,2023-04-28,103.306861590637,108.72898680071603,IT
INFOSYS,2023-05-02,98.77899977113498,107.74578872031242,IT
TCS,2023-05-02,100.09932617911292,108.0215226349728,IT
WIPRO,2023-05-02,100.16578403712471,115.68094604614964,IT
MAHINDRA,2023-05-02,100.35850553239202,109.93188642814755,IT
SONATA,2023-05-02,103.2965789353759,108.95160512200015,IT
INFOSYS,2023-05-03,98.74872038577568,107.8875698735688,IT
TCS,2023-05-03,99.96510273344411,106.85405808883027,IT
WIPRO,2023-05-03,100.13911264433784,116.23073160044919,IT
MAHINDRA,2023-05-03,100.28897064867942,109.55090214591247,IT
SONATA,2023-05-03,103.25600317885197,107.95092442308466,IT
